stock_id,stock_name,price,change_pct,volume,trade_value,as_of,data_quality
1101,台泥,26.45,4.55,92212.0,2408991950.0,2026-09-30T12:51:05+08:00,GOOD
1102,亞泥,35.8,1.42,3790.0,134714000.0,2026-09-30T12:51:05+08:00,GOOD
1103,嘉泥,13.1,0.77,399.0,5220900.0,2026-09-30T12:51:05+08:00,GOOD
1104,環泥,26.7,0.56,189.0,5041100.0,2026-09-30T12:51:05+08:00,GOOD
1108,幸福,11.15,1.36,107.0,1189950.0,2026-09-30T12:51:05+08:00,GOOD
1109,信大,13.3,0.0,313.0,4170500.0,2026-09-30T12:51:05+08:00,GOOD
1110,東泥,14.6,1.74,188.0,2716950.0,2026-09-30T12:51:05+08:00,GOOD
1201,味全,11.6,0.87,606.0,7021750.0,2026-09-30T12:51:05+08:00,GOOD
1203,味王,43.7,0.92,19.0,829650.0,2026-09-30T12:51:05+08:00,GOOD
1210,大成,51.8,0.39,673.0,34797900.0,2026-09-30T12:51:05+08:00,GOOD
1213,大飲,7.26,-0.41,4.0,29090.0,2026-09-30T12:51:05+08:00,GOOD
1215,卜蜂,105.0,-0.47,300.0,31490500.0,2026-09-30T12:51:05+08:00,GOOD
1216,統一,74.2,0.41,3404.0,252195400.0,2026-09-30T12:51:05+08:00,GOOD
1217,愛之味,9.92,0.2,268.0,2661770.0,2026-09-30T12:51:05+08:00,GOOD
1218,泰山,14.6,1.04,391.0,5673100.0,2026-09-30T12:51:05+08:00,GOOD
1219,福壽,11.4,0.44,111.0,1263750.0,2026-09-30T12:51:05+08:00,GOOD
1220,台榮,10.8,0.47,19.0,205400.0,2026-09-30T12:51:05+08:00,GOOD
1225,福懋油,24.8,1.64,16.0,394300.0,2026-09-30T12:51:05+08:00,GOOD
1227,佳格,28.05,0.18,370.0,10372600.0,2026-09-30T12:51:05+08:00,GOOD
1229,聯華,40.0,1.14,1453.0,58074200.0,2026-09-30T12:51:05+08:00,GOOD
1231,聯華食,79.6,0.0,167.0,13280000.0,2026-09-30T12:51:05+08:00,GOOD
1232,大統益,153.5,-0.32,45.0,6913000.0,2026-09-30T12:51:05+08:00,GOOD
1233,天仁,28.15,1.99,11.0,307650.0,2026-09-30T12:51:05+08:00,GOOD
1234,黑松,32.95,0.15,43.0,1415600.0,2026-09-30T12:51:05+08:00,GOOD
1235,興泰,33.6,2.28,31.0,1040600.0,2026-09-30T12:51:05+08:00,GOOD
1236,宏亞,25.1,-0.99,17.0,428650.0,2026-09-30T12:51:05+08:00,GOOD
1256,鮮活果汁-KY,169.0,0.3,46.0,7697500.0,2026-09-30T12:51:05+08:00,GOOD
1301,台塑,68.1,5.42,44889.0,3012822300.0,2026-09-30T12:51:05+08:00,GOOD
1303,南亞,258.5,4.66,107306.0,27388626500.0,2026-09-30T12:51:05+08:00,GOOD
1304,台聚,12.6,2.44,2618.0,32900350.0,2026-09-30T12:51:05+08:00,GOOD
1305,華夏,12.3,1.65,1372.0,16863900.0,2026-09-30T12:51:05+08:00,GOOD
1307,三芳,31.35,1.62,571.0,17818150.0,2026-09-30T12:51:05+08:00,GOOD
1308,亞聚,14.35,1.77,1027.0,14684050.0,2026-09-30T12:51:05+08:00,GOOD
1309,台達化,14.0,2.56,1174.0,16340500.0,2026-09-30T12:51:05+08:00,GOOD
1310,台苯,9.26,4.04,5304.0,48655160.0,2026-09-30T12:51:05+08:00,GOOD
1312,國喬,14.95,3.46,11052.0,163681100.0,2026-09-30T12:51:05+08:00,GOOD
1313,聯成,12.3,2.07,2029.0,24871000.0,2026-09-30T12:51:05+08:00,GOOD
1314,中石化,8.98,2.75,76525.0,682096390.0,2026-09-30T12:51:05+08:00,GOOD
1315,達新,68.7,0.88,5.0,342900.0,2026-09-30T12:51:05+08:00,GOOD
1316,上曜,10.65,1.91,844.0,8954550.0,2026-09-30T12:51:05+08:00,GOOD
1319,東陽,77.9,0.13,1019.0,79310100.0,2026-09-30T12:51:05+08:00,GOOD
1321,大洋,32.35,0.0,63.0,2026100.0,2026-09-30T12:51:05+08:00,GOOD
1323,永裕,21.3,0.47,54.0,1148300.0,2026-09-30T12:51:05+08:00,GOOD
1324,地球,9.98,0.0,29.0,289690.0,2026-09-30T12:51:05+08:00,GOOD
1325,恆大,25.95,1.57,185.0,4768050.0,2026-09-30T12:51:05+08:00,GOOD
1326,台化,69.8,3.41,26199.0,1815923600.0,2026-09-30T12:51:05+08:00,GOOD
1337,再生-KY,4.48,1.13,381.0,1701340.0,2026-09-30T12:51:05+08:00,GOOD
1338,廣華-KY,15.5,5.08,338.0,5227050.0,2026-09-30T12:51:05+08:00,GOOD
1339,昭輝,42.3,0.0,35.0,1480400.0,2026-09-30T12:51:05+08:00,GOOD
1340,勝悅-KY,5.24,0.58,153.0,801330.0,2026-09-30T12:51:05+08:00,GOOD
1341,富林-KY,60.0,0.0,1.0,60000.0,2026-09-30T12:51:05+08:00,GOOD
1342,八貫,100.0,-0.99,116.0,11595600.0,2026-09-30T12:51:05+08:00,GOOD
1402,遠東新,28.25,1.8,4012.0,112715500.0,2026-09-30T12:51:05+08:00,GOOD
1409,新纖,24.8,1.85,9104.0,224079600.0,2026-09-30T12:51:05+08:00,GOOD
1410,南染,24.15,0.21,62.0,1497150.0,2026-09-30T12:51:05+08:00,GOOD
1413,宏洲,9.2,1.32,27.0,247360.0,2026-09-30T12:51:05+08:00,GOOD
1414,東和,17.65,0.86,130.0,2273300.0,2026-09-30T12:51:05+08:00,GOOD
1416,廣豐,11.45,0.88,46.0,526850.0,2026-09-30T12:51:05+08:00,GOOD
1417,嘉裕,8.14,1.24,179.0,1450350.0,2026-09-30T12:51:05+08:00,GOOD
1418,東華,18.35,0.27,7.0,129000.0,2026-09-30T12:51:05+08:00,GOOD
1419,新紡,65.9,0.46,12.0,791200.0,2026-09-30T12:51:05+08:00,GOOD
1423,利華,35.85,0.44,7.0,246600.0,2026-09-30T12:51:05+08:00,GOOD
1432,大魯閣,15.0,0.33,35.0,523950.0,2026-09-30T12:51:05+08:00,GOOD
1434,福懋,18.1,0.56,1313.0,23777500.0,2026-09-30T12:51:05+08:00,GOOD
1435,中福,22.2,2.07,5.0,112400.0,2026-09-30T12:51:05+08:00,GOOD
1436,華友聯,35.5,0.0,109.0,3869900.0,2026-09-30T12:51:05+08:00,GOOD
1437,勤益控,31.85,0.0,268.0,8571300.0,2026-09-30T12:51:05+08:00,GOOD
1438,三地開發,21.4,1.18,146.0,3079000.0,2026-09-30T12:51:05+08:00,GOOD
1439,雋揚,28.9,2.66,89.0,2564450.0,2026-09-30T12:51:05+08:00,GOOD
1440,南紡,13.6,2.26,2961.0,40026900.0,2026-09-30T12:51:05+08:00,GOOD
1441,大東,10.05,-0.99,38.0,381800.0,2026-09-30T12:51:05+08:00,GOOD
1442,名軒,27.25,1.3,467.0,12620900.0,2026-09-30T12:51:05+08:00,GOOD
1443,立益物流,23.3,1.3,11.0,254650.0,2026-09-30T12:51:05+08:00,GOOD
1444,力麗,7.12,2.59,2722.0,19350770.0,2026-09-30T12:51:05+08:00,GOOD
1445,大宇,10.05,0.5,47.0,472300.0,2026-09-30T12:51:05+08:00,GOOD
1446,宏和,13.3,-0.37,196.0,2618750.0,2026-09-30T12:51:05+08:00,GOOD
1447,力鵬,6.76,4.0,1989.0,13401510.0,2026-09-30T12:51:05+08:00,GOOD
1449,佳和,12.4,0.4,148.0,1833450.0,2026-09-30T12:51:05+08:00,GOOD
1451,年興,17.0,0.59,27.0,457300.0,2026-09-30T12:51:05+08:00,GOOD
1452,宏益,10.75,0.47,43.0,462700.0,2026-09-30T12:51:05+08:00,GOOD
1453,大將,10.9,0.93,13.0,140950.0,2026-09-30T12:51:05+08:00,GOOD
1454,台富,12.2,0.41,12.0,147600.0,2026-09-30T12:51:05+08:00,GOOD
1455,集盛,9.91,2.38,584.0,5757410.0,2026-09-30T12:51:05+08:00,GOOD
1456,怡華,14.65,0.34,43.0,623750.0,2026-09-30T12:51:05+08:00,GOOD
1457,宜進,14.35,0.35,30.0,430750.0,2026-09-30T12:51:05+08:00,GOOD
1459,聯發,16.45,2.81,253.0,4139150.0,2026-09-30T12:51:05+08:00,GOOD
1460,宏遠,6.28,0.64,323.0,2024470.0,2026-09-30T12:51:05+08:00,GOOD
1463,強盛新,17.5,-0.28,15.0,263550.0,2026-09-30T12:51:05+08:00,GOOD
1464,得力,9.97,0.3,180.0,1792160.0,2026-09-30T12:51:05+08:00,GOOD
1465,偉全,11.6,0.43,15.0,174150.0,2026-09-30T12:51:05+08:00,GOOD
1466,聚隆,14.75,-0.67,134.0,1973500.0,2026-09-30T12:51:05+08:00,GOOD
1467,南緯,8.03,0.0,92.0,739980.0,2026-09-30T12:51:05+08:00,GOOD
1468,昶和,13.1,-0.38,46.0,598950.0,2026-09-30T12:51:05+08:00,GOOD
1470,大統新創,24.0,2.35,57.0,1367050.0,2026-09-30T12:51:05+08:00,GOOD
1471,首利,9.43,1.4,221.0,2082100.0,2026-09-30T12:51:05+08:00,GOOD
1472,三洋實業,88.2,0.11,73.0,6474400.0,2026-09-30T12:51:05+08:00,GOOD
1473,台南,19.25,-0.26,89.0,1717900.0,2026-09-30T12:51:05+08:00,GOOD
1474,弘裕,10.05,0.0,31.0,310140.0,2026-09-30T12:51:05+08:00,GOOD
1475,業旺,26.1,1.16,3.0,78050.0,2026-09-30T12:51:05+08:00,GOOD
1476,儒鴻,272.5,-0.18,970.0,264224000.0,2026-09-30T12:51:05+08:00,GOOD
1477,聚陽,190.0,0.0,520.0,98994500.0,2026-09-30T12:51:05+08:00,GOOD
1503,士電,198.0,2.06,554.0,109169000.0,2026-09-30T12:51:05+08:00,GOOD
1504,東元,69.2,1.02,3414.0,236323000.0,2026-09-30T12:51:05+08:00,GOOD
1506,正道,9.52,-0.52,252.0,2403100.0,2026-09-30T12:51:05+08:00,GOOD
1512,瑞利,6.11,-0.16,42.0,256640.0,2026-09-30T12:51:05+08:00,GOOD
1513,中興電,168.5,0.9,2134.0,359159500.0,2026-09-30T12:51:05+08:00,GOOD
1514,亞力,103.0,0.98,450.0,46295500.0,2026-09-30T12:51:05+08:00,GOOD
1515,力山,29.85,1.88,373.0,11077500.0,2026-09-30T12:51:05+08:00,GOOD
1516,川飛,13.4,-0.74,13.0,173000.0,2026-09-30T12:51:05+08:00,GOOD
1517,利奇,10.5,1.45,157.0,1640000.0,2026-09-30T12:51:05+08:00,GOOD
1519,華城,695.0,1.02,680.0,475262000.0,2026-09-30T12:51:05+08:00,GOOD
1521,大億,26.1,2.15,10.0,260300.0,2026-09-30T12:51:05+08:00,GOOD
1522,堤維西,26.8,0.94,238.0,6344450.0,2026-09-30T12:51:05+08:00,GOOD
1524,耿鼎,26.1,0.97,179.0,4650400.0,2026-09-30T12:51:05+08:00,GOOD
1525,江申,63.7,0.0,5.0,319600.0,2026-09-30T12:51:05+08:00,GOOD
1526,日馳,15.05,3.44,121.0,1802500.0,2026-09-30T12:51:05+08:00,GOOD
1527,鑽全,32.65,0.15,38.0,1241400.0,2026-09-30T12:51:05+08:00,GOOD
1528,恩德,25.7,0.78,5594.0,145228300.0,2026-09-30T12:51:05+08:00,GOOD
1529,樂事綠能,16.0,3.56,929.0,14859850.0,2026-09-30T12:51:05+08:00,GOOD
1530,亞崴,26.75,1.13,8.0,213800.0,2026-09-30T12:51:05+08:00,GOOD
1531,高林股,11.65,0.43,23.0,268600.0,2026-09-30T12:51:05+08:00,GOOD
1532,勤美,22.3,0.9,264.0,5877250.0,2026-09-30T12:51:05+08:00,GOOD
1533,車王電,30.45,0.16,115.0,3488900.0,2026-09-30T12:51:05+08:00,GOOD
1535,中宇,45.8,0.55,38.0,1736300.0,2026-09-30T12:51:05+08:00,GOOD
1536,和大,46.85,0.64,363.0,16960600.0,2026-09-30T12:51:05+08:00,GOOD
1537,廣隆,115.0,-0.43,97.0,11137500.0,2026-09-30T12:51:05+08:00,GOOD
1538,正峰,7.48,-9.66,15.0,112200.0,2026-09-30T12:51:05+08:00,GOOD
1539,巨庭,15.55,0.65,15.0,232750.0,2026-09-30T12:51:05+08:00,GOOD
1540,喬福,19.4,0.26,79.0,1529050.0,2026-09-30T12:51:05+08:00,GOOD
1541,錩泰,21.0,0.0,3.0,63000.0,2026-09-30T12:51:05+08:00,GOOD
1558,伸興,113.0,-0.88,59.0,6621500.0,2026-09-30T12:51:05+08:00,GOOD
1560,中砂,960.0,0.42,954.0,917735000.0,2026-09-30T12:51:05+08:00,GOOD
1563,巧新,76.8,0.92,158.0,12073800.0,2026-09-30T12:51:05+08:00,GOOD
1568,倉佑,32.7,0.93,427.0,13957500.0,2026-09-30T12:51:05+08:00,GOOD
1582,信錦,71.8,2.43,304.0,21795200.0,2026-09-30T12:51:05+08:00,GOOD
1583,程泰,46.6,-0.75,9.0,422150.0,2026-09-30T12:51:05+08:00,GOOD
1587,吉茂,23.95,0.42,137.0,3283150.0,2026-09-30T12:51:05+08:00,GOOD
1590,亞德客-KY,1200.0,-0.83,561.0,677625000.0,2026-09-30T12:51:05+08:00,GOOD
1597,直得,148.0,1.02,2987.0,446915500.0,2026-09-30T12:51:05+08:00,GOOD
1598,岱宇,20.3,0.0,94.0,1919100.0,2026-09-30T12:51:05+08:00,GOOD
1603,華電,30.6,1.83,203.0,6171000.0,2026-09-30T12:51:05+08:00,GOOD
1604,聲寶,23.4,0.43,103.0,2411300.0,2026-09-30T12:51:05+08:00,GOOD
1605,華新,38.55,6.05,35388.0,1339645150.0,2026-09-30T12:51:05+08:00,GOOD
1608,華榮,36.25,2.98,2069.0,74645500.0,2026-09-30T12:51:05+08:00,GOOD
1609,大亞,38.75,0.65,3926.0,151971000.0,2026-09-30T12:51:05+08:00,GOOD
1611,中電,11.55,1.76,648.0,7444250.0,2026-09-30T12:51:05+08:00,GOOD
1612,宏泰,35.65,0.85,1032.0,36754200.0,2026-09-30T12:51:05+08:00,GOOD
1614,三洋電,31.15,0.32,75.0,2327400.0,2026-09-30T12:51:05+08:00,GOOD
1615,大山,42.95,0.82,71.0,3036150.0,2026-09-30T12:51:05+08:00,GOOD
1616,億泰,18.65,1.91,136.0,2520750.0,2026-09-30T12:51:05+08:00,GOOD
1617,榮星,24.05,9.82,6160.0,146214500.0,2026-09-30T12:51:05+08:00,GOOD
1618,合機,39.0,1.69,232.0,8981700.0,2026-09-30T12:51:05+08:00,GOOD
1623,大東電,200.5,1.26,41.0,8240000.0,2026-09-30T12:51:05+08:00,GOOD
1626,艾美特-KY,9.7,1.04,22.0,211820.0,2026-09-30T12:51:05+08:00,GOOD
1702,南僑,32.95,0.0,152.0,5014500.0,2026-09-30T12:51:05+08:00,GOOD
1707,葡萄王,85.9,0.0,184.0,15825200.0,2026-09-30T12:51:05+08:00,GOOD
1708,東鹼,53.6,3.08,6792.0,362779400.0,2026-09-30T12:51:05+08:00,GOOD
1709,和益,48.4,10.0,45120.0,2117090950.0,2026-09-30T12:51:05+08:00,GOOD
1710,東聯,16.75,1.21,3463.0,57901150.0,2026-09-30T12:51:05+08:00,GOOD
1711,永光,40.95,0.99,3762.0,154691700.0,2026-09-30T12:51:05+08:00,GOOD
1712,興農,39.9,0.76,223.0,8858600.0,2026-09-30T12:51:05+08:00,GOOD
1713,國化,42.05,0.6,285.0,11997850.0,2026-09-30T12:51:05+08:00,GOOD
1714,和桐,16.5,4.76,10976.0,179655550.0,2026-09-30T12:51:05+08:00,GOOD
1717,長興,74.4,2.62,8977.0,667634900.0,2026-09-30T12:51:05+08:00,GOOD
1718,中纖,10.85,2.84,14056.0,151639450.0,2026-09-30T12:51:05+08:00,GOOD
1720,生達,56.0,-0.18,73.0,4090300.0,2026-09-30T12:51:05+08:00,GOOD
1721,國慶科技,26.4,1.15,2603.0,68030500.0,2026-09-30T12:51:05+08:00,GOOD
1722,台肥,41.6,1.09,1164.0,48268100.0,2026-09-30T12:51:05+08:00,GOOD
1723,中碳,80.7,0.87,226.0,18282000.0,2026-09-30T12:51:05+08:00,GOOD
1725,元禎,34.15,0.44,30.0,1022600.0,2026-09-30T12:51:05+08:00,GOOD
1726,永記,76.4,0.26,7.0,534500.0,2026-09-30T12:51:05+08:00,GOOD
1727,中華化,109.5,-7.59,25483.0,2833398500.0,2026-09-30T12:51:05+08:00,GOOD
1730,花仙子,51.2,0.0,11.0,563000.0,2026-09-30T12:51:05+08:00,GOOD
1731,美吾華,20.8,-0.24,169.0,3515500.0,2026-09-30T12:51:05+08:00,GOOD
1732,毛寶,26.15,0.77,167.0,4357250.0,2026-09-30T12:51:05+08:00,GOOD
1733,五鼎,29.4,-0.17,82.0,2411750.0,2026-09-30T12:51:05+08:00,GOOD
1734,杏輝,31.8,-0.93,68.0,2168000.0,2026-09-30T12:51:05+08:00,GOOD
1735,日勝化,20.35,1.5,16.0,325500.0,2026-09-30T12:51:05+08:00,GOOD
1736,喬山,127.5,-0.39,150.0,19303000.0,2026-09-30T12:51:05+08:00,GOOD
1737,臺鹽,30.1,0.5,118.0,3541150.0,2026-09-30T12:51:05+08:00,GOOD
1752,南光,31.5,0.48,22.0,692400.0,2026-09-30T12:51:05+08:00,GOOD
1760,寶齡富錦,54.6,1.3,84.0,4569100.0,2026-09-30T12:51:05+08:00,GOOD
1762,中化生,34.1,1.19,27.0,917600.0,2026-09-30T12:51:05+08:00,GOOD
1773,勝一,169.0,0.9,952.0,161807000.0,2026-09-30T12:51:05+08:00,GOOD
1776,展宇,18.25,0.27,12.0,217800.0,2026-09-30T12:51:05+08:00,GOOD
1783,和康生,37.15,1.36,55.0,2036750.0,2026-09-30T12:51:05+08:00,GOOD
1786,科妍,43.45,1.88,138.0,5974400.0,2026-09-30T12:51:05+08:00,GOOD
1789,神隆,18.9,1.89,268.0,5051100.0,2026-09-30T12:51:05+08:00,GOOD
1795,美時,178.0,0.28,520.0,92878000.0,2026-09-30T12:51:05+08:00,GOOD
1802,台玻,59.9,3.99,17772.0,1051056200.0,2026-09-30T12:51:05+08:00,GOOD
1805,寶徠,10.05,0.0,109.0,1092880.0,2026-09-30T12:51:05+08:00,GOOD
1806,冠軍,7.95,0.13,129.0,1027690.0,2026-09-30T12:51:05+08:00,GOOD
1808,潤隆,31.65,0.16,534.0,16825950.0,2026-09-30T12:51:05+08:00,GOOD
1809,中釉,47.85,6.33,16894.0,792690400.0,2026-09-30T12:51:05+08:00,GOOD
1810,和成,24.45,3.16,2232.0,54164750.0,2026-09-30T12:51:05+08:00,GOOD
1817,凱撒衛,39.85,0.0,18.0,717600.0,2026-09-30T12:51:05+08:00,GOOD
1903,士紙,47.65,1.38,67.0,3179450.0,2026-09-30T12:51:05+08:00,GOOD
1904,正隆,24.6,1.44,766.0,18807200.0,2026-09-30T12:51:05+08:00,GOOD
1905,華紙,13.05,1.56,1773.0,23119900.0,2026-09-30T12:51:05+08:00,GOOD
1906,寶隆,10.8,0.0,32.0,345550.0,2026-09-30T12:51:05+08:00,GOOD
1907,永豐餘,28.35,1.61,469.0,13243500.0,2026-09-30T12:51:05+08:00,GOOD
1909,榮成,10.25,1.99,1476.0,15047250.0,2026-09-30T12:51:05+08:00,GOOD
2002,中鋼,19.2,2.13,74866.0,1430367650.0,2026-09-30T12:51:05+08:00,GOOD
2006,東和鋼鐵,85.0,-0.47,1244.0,105985400.0,2026-09-30T12:51:05+08:00,GOOD
2007,燁興,7.0,1.45,239.0,1672230.0,2026-09-30T12:51:05+08:00,GOOD
2008,高興昌,30.9,1.31,9.0,276750.0,2026-09-30T12:51:05+08:00,GOOD
2009,第一銅,40.0,2.17,1670.0,66657200.0,2026-09-30T12:51:05+08:00,GOOD
2010,春源,23.05,2.67,2268.0,52000450.0,2026-09-30T12:51:05+08:00,GOOD
2012,春雨,14.35,1.41,67.0,954850.0,2026-09-30T12:51:05+08:00,GOOD
2013,中鋼構,41.6,0.97,54.0,2244100.0,2026-09-30T12:51:05+08:00,GOOD
2014,中鴻,17.2,2.38,4336.0,74460050.0,2026-09-30T12:51:05+08:00,GOOD
2015,豐興,64.2,1.74,191.0,12193400.0,2026-09-30T12:51:05+08:00,GOOD
2017,官田鋼,9.12,2.24,833.0,7635630.0,2026-09-30T12:51:05+08:00,GOOD
2020,美亞,26.7,9.88,5075.0,135501450.0,2026-09-30T12:51:05+08:00,GOOD
2022,聚亨,7.34,0.55,155.0,1132310.0,2026-09-30T12:51:05+08:00,GOOD
2023,燁輝,13.75,1.48,826.0,11356900.0,2026-09-30T12:51:05+08:00,GOOD
2024,志聯,12.8,0.39,8.0,102250.0,2026-09-30T12:51:05+08:00,GOOD
2025,千興,14.65,9.74,4565.0,65701700.0,2026-09-30T12:51:05+08:00,GOOD
2027,大成鋼,47.65,1.06,6529.0,311516900.0,2026-09-30T12:51:05+08:00,GOOD
2028,威致,17.05,2.71,351.0,5941450.0,2026-09-30T12:51:05+08:00,GOOD
2029,盛餘,22.35,0.9,821.0,18486250.0,2026-09-30T12:51:05+08:00,GOOD
2030,彰源,36.7,9.88,19188.0,702264050.0,2026-09-30T12:51:05+08:00,GOOD
2031,新光鋼,46.3,1.31,698.0,32291150.0,2026-09-30T12:51:05+08:00,GOOD
2032,新鋼,20.2,1.51,7311.0,148366300.0,2026-09-30T12:51:05+08:00,GOOD
2033,佳大,42.35,10.0,3534.0,144607300.0,2026-09-30T12:51:05+08:00,GOOD
2034,允強,24.45,4.49,17013.0,416421550.0,2026-09-30T12:51:05+08:00,GOOD
2038,海光,13.05,3.16,589.0,7687150.0,2026-09-30T12:51:05+08:00,GOOD
2049,上銀,336.5,0.3,1139.0,384833500.0,2026-09-30T12:51:05+08:00,GOOD
2059,川湖,12125.0,0.08,260.0,3216815000.0,2026-09-30T12:51:05+08:00,GOOD
2062,橋椿,18.15,0.83,32.0,579550.0,2026-09-30T12:51:05+08:00,GOOD
2069,運錩,26.65,0.57,1871.0,50163750.0,2026-09-30T12:51:05+08:00,GOOD
2072,世紀風電,131.5,0.0,101.0,13295000.0,2026-09-30T12:51:05+08:00,GOOD
2101,南港,29.95,0.5,1275.0,38056700.0,2026-09-30T12:51:05+08:00,GOOD
2102,泰豐,16.55,1.53,118.0,1944550.0,2026-09-30T12:51:05+08:00,GOOD
2103,台橡,28.0,2.19,2076.0,57970750.0,2026-09-30T12:51:05+08:00,GOOD
2104,國際中橡,11.1,3.74,4147.0,45606450.0,2026-09-30T12:51:05+08:00,GOOD
2105,正新,30.6,1.66,3704.0,112710900.0,2026-09-30T12:51:05+08:00,GOOD
2106,建大,16.6,0.91,358.0,5926200.0,2026-09-30T12:51:05+08:00,GOOD
2107,厚生,26.95,0.56,230.0,6206500.0,2026-09-30T12:51:05+08:00,GOOD
2108,南帝,28.55,1.24,223.0,6348650.0,2026-09-30T12:51:05+08:00,GOOD
2109,華豐,14.35,0.0,128.0,1826950.0,2026-09-30T12:51:05+08:00,GOOD
2114,鑫永銓,89.9,0.22,13.0,1166500.0,2026-09-30T12:51:05+08:00,GOOD
2115,六暉-KY,23.9,0.84,79.0,1877700.0,2026-09-30T12:51:05+08:00,GOOD
2201,裕隆,29.35,0.51,1524.0,44596200.0,2026-09-30T12:51:05+08:00,GOOD
2204,中華,52.2,0.38,261.0,13634500.0,2026-09-30T12:51:05+08:00,GOOD
2206,三陽工業,62.5,0.0,318.0,19870800.0,2026-09-30T12:51:05+08:00,GOOD
2207,和泰車,509.0,0.59,133.0,67992000.0,2026-09-30T12:51:05+08:00,GOOD
2208,台船,19.2,0.52,1648.0,31569300.0,2026-09-30T12:51:05+08:00,GOOD
2211,長榮鋼,80.0,1.52,410.0,32570300.0,2026-09-30T12:51:05+08:00,GOOD
2227,裕日車,44.8,0.11,21.0,941900.0,2026-09-30T12:51:05+08:00,GOOD
2228,劍麟,75.2,0.27,30.0,2249100.0,2026-09-30T12:51:05+08:00,GOOD
2231,為升,92.5,0.54,102.0,9427800.0,2026-09-30T12:51:05+08:00,GOOD
2233,宇隆,167.5,-0.3,537.0,90322000.0,2026-09-30T12:51:05+08:00,GOOD
2236,百達-KY,110.0,2.8,191.0,20588500.0,2026-09-30T12:51:05+08:00,GOOD
2239,英利-KY,18.9,0.53,47.0,884900.0,2026-09-30T12:51:05+08:00,GOOD
2241,艾姆勒,46.8,6.36,7134.0,328981050.0,2026-09-30T12:51:05+08:00,GOOD
2243,宏旭-KY,52.8,4.55,193.0,10029000.0,2026-09-30T12:51:05+08:00,GOOD
2247,汎德永業,224.0,0.45,63.0,14076500.0,2026-09-30T12:51:05+08:00,GOOD
2248,華勝-KY,61.4,-0.16,14.0,860300.0,2026-09-30T12:51:05+08:00,GOOD
2250,IKKA-KY,58.3,2.64,111.0,6322800.0,2026-09-30T12:51:05+08:00,GOOD
2301,光寶科,281.5,0.18,7790.0,2196767000.0,2026-09-30T12:51:05+08:00,GOOD
2302,麗正,45.25,-0.11,1992.0,90700650.0,2026-09-30T12:51:05+08:00,GOOD
2303,聯電,156.5,1.95,71009.0,11143324500.0,2026-09-30T12:51:05+08:00,GOOD
2305,全友,69.2,0.14,4713.0,332991000.0,2026-09-30T12:51:05+08:00,GOOD
2308,台達電,1910.0,4.09,7176.0,13687850000.0,2026-09-30T12:51:05+08:00,GOOD
2312,金寶,31.2,1.63,5234.0,163241600.0,2026-09-30T12:51:05+08:00,GOOD
2313,華通,227.0,0.44,9081.0,2058121500.0,2026-09-30T12:51:05+08:00,GOOD
2314,台揚,11.25,1.36,43.0,481550.0,2026-09-30T12:51:05+08:00,GOOD
2316,楠梓電,165.5,2.16,1289.0,212929000.0,2026-09-30T12:51:05+08:00,GOOD
2317,鴻海,252.5,0.8,14847.0,3754997500.0,2026-09-30T12:51:05+08:00,GOOD
2321,東訊,24.3,-2.8,1.0,24300.0,2026-09-30T12:51:05+08:00,GOOD
2323,中環,11.05,3.27,11997.0,131901550.0,2026-09-30T12:51:05+08:00,GOOD
2324,仁寶,37.25,3.33,34696.0,1290972050.0,2026-09-30T12:51:05+08:00,GOOD
2327,國巨*,552.0,0.73,16682.0,9276020000.0,2026-09-30T12:51:05+08:00,GOOD
2328,廣宇,47.8,1.7,1197.0,57010500.0,2026-09-30T12:51:05+08:00,GOOD
2329,華泰,44.85,2.4,2952.0,131963300.0,2026-09-30T12:51:05+08:00,GOOD
2330,台積電,2500.0,1.01,13801.0,34508655000.0,2026-09-30T12:51:05+08:00,GOOD
2331,精英,19.15,2.41,919.0,17468150.0,2026-09-30T12:51:05+08:00,GOOD
2332,友訊,20.55,2.24,6591.0,134388750.0,2026-09-30T12:51:05+08:00,GOOD
2337,旺宏,122.0,2.95,21735.0,2634385000.0,2026-09-30T12:51:05+08:00,GOOD
2338,光罩,47.45,0.74,1993.0,94859550.0,2026-09-30T12:51:05+08:00,GOOD
2340,台亞,40.7,7.11,31355.0,1236673500.0,2026-09-30T12:51:05+08:00,GOOD
2342,茂矽,49.45,-1.3,11297.0,563406950.0,2026-09-30T12:51:05+08:00,GOOD
2344,華邦電,178.5,2.59,66152.0,11718942500.0,2026-09-30T12:51:05+08:00,GOOD
2345,智邦,1775.0,-1.93,4969.0,8888300000.0,2026-09-30T12:51:05+08:00,GOOD
2347,聯強,95.3,0.85,1791.0,170201600.0,2026-09-30T12:51:05+08:00,GOOD
2348,海悅,70.6,0.14,161.0,11343000.0,2026-09-30T12:51:05+08:00,GOOD
2349,錸德,10.7,2.88,5049.0,53805850.0,2026-09-30T12:51:05+08:00,GOOD
2351,順德,208.5,-3.25,5572.0,1168881000.0,2026-09-30T12:51:05+08:00,GOOD
2352,佳世達,29.7,2.41,4661.0,138167100.0,2026-09-30T12:51:05+08:00,GOOD
2353,宏碁,31.8,1.27,7556.0,239652350.0,2026-09-30T12:51:05+08:00,GOOD
2354,鴻準,66.0,1.38,7043.0,464938600.0,2026-09-30T12:51:05+08:00,GOOD
2355,敬鵬,41.95,0.84,1026.0,42968150.0,2026-09-30T12:51:05+08:00,GOOD
2356,英業達,59.8,1.01,7425.0,444368500.0,2026-09-30T12:51:05+08:00,GOOD
2357,華碩,963.0,0.0,1096.0,1056736000.0,2026-09-30T12:51:05+08:00,GOOD
2359,所羅門,129.0,0.39,770.0,99121000.0,2026-09-30T12:51:05+08:00,GOOD
2360,致茂,2160.0,-1.14,1438.0,3171165000.0,2026-09-30T12:51:05+08:00,GOOD
2362,藍天,47.05,0.75,281.0,13201250.0,2026-09-30T12:51:05+08:00,GOOD
2363,矽統,59.1,-0.17,5639.0,334065100.0,2026-09-30T12:51:05+08:00,GOOD
2364,倫飛,65.1,0.31,53.0,3440700.0,2026-09-30T12:51:05+08:00,GOOD
2365,昆盈,28.3,0.71,655.0,18457050.0,2026-09-30T12:51:05+08:00,GOOD
2367,燿華,43.25,2.37,3532.0,151858350.0,2026-09-30T12:51:05+08:00,GOOD
2368,金像電,1120.0,0.0,16638.0,18486185000.0,2026-09-30T12:51:05+08:00,GOOD
2369,菱生,32.15,1.74,4357.0,139933250.0,2026-09-30T12:51:05+08:00,GOOD
2371,大同,30.25,3.07,16187.0,486561800.0,2026-09-30T12:51:05+08:00,GOOD
2373,震旦行,52.7,0.38,15.0,790300.0,2026-09-30T12:51:05+08:00,GOOD
2374,佳能,67.0,1.21,1069.0,71589200.0,2026-09-30T12:51:05+08:00,GOOD
2375,凱美,118.5,0.85,858.0,101732000.0,2026-09-30T12:51:05+08:00,GOOD
2376,技嘉,362.5,0.14,2883.0,1051017000.0,2026-09-30T12:51:05+08:00,GOOD
2377,微星,152.0,0.66,1666.0,252747000.0,2026-09-30T12:51:05+08:00,GOOD
2379,瑞昱,762.0,0.26,1348.0,1025061000.0,2026-09-30T12:51:05+08:00,GOOD
2380,虹光,17.2,3.93,39.0,661500.0,2026-09-30T12:51:05+08:00,GOOD
2382,廣達,335.0,-0.45,6811.0,2294843000.0,2026-09-30T12:51:05+08:00,GOOD
2383,台光電,4995.0,1.52,1002.0,5000875000.0,2026-09-30T12:51:05+08:00,GOOD
2385,群光,105.0,0.48,1523.0,159471000.0,2026-09-30T12:51:05+08:00,GOOD
2387,精元,36.3,0.14,147.0,5352600.0,2026-09-30T12:51:05+08:00,GOOD
2388,威盛,72.8,2.25,1677.0,121268100.0,2026-09-30T12:51:05+08:00,GOOD
2390,云辰,10.25,0.49,249.0,2551100.0,2026-09-30T12:51:05+08:00,GOOD
2392,正崴,41.55,1.71,2257.0,93641850.0,2026-09-30T12:51:05+08:00,GOOD
2393,億光,64.6,1.57,1128.0,72470300.0,2026-09-30T12:51:05+08:00,GOOD
2395,研華,733.0,0.41,1282.0,942333000.0,2026-09-30T12:51:05+08:00,GOOD
2397,友通,62.9,-0.16,83.0,5232800.0,2026-09-30T12:51:05+08:00,GOOD
2399,映泰,49.0,-0.41,3361.0,165976050.0,2026-09-30T12:51:05+08:00,GOOD
2401,凌陽,26.8,2.88,3567.0,94769800.0,2026-09-30T12:51:05+08:00,GOOD
2402,毅嘉,58.8,3.34,2832.0,165848600.0,2026-09-30T12:51:05+08:00,GOOD
2404,漢唐,1295.0,6.15,2739.0,3504455000.0,2026-09-30T12:51:05+08:00,GOOD
2405,輔信,15.35,1.32,963.0,14796750.0,2026-09-30T12:51:05+08:00,GOOD
2406,國碩,31.7,4.62,16326.0,514854350.0,2026-09-30T12:51:05+08:00,GOOD
2408,南亞科,518.0,2.37,30404.0,15605916000.0,2026-09-30T12:51:05+08:00,GOOD
2409,友達,38.55,9.99,423083.0,15961463500.0,2026-09-30T12:51:05+08:00,GOOD
2412,中華電,144.0,0.0,6698.0,962716500.0,2026-09-30T12:51:05+08:00,GOOD
2413,環科,51.3,0.59,1028.0,52975300.0,2026-09-30T12:51:05+08:00,GOOD
2414,精技,53.2,0.19,57.0,3028600.0,2026-09-30T12:51:05+08:00,GOOD
2415,錩新,27.25,0.0,56.0,1527500.0,2026-09-30T12:51:05+08:00,GOOD
2417,圓剛,39.3,1.55,243.0,9489750.0,2026-09-30T12:51:05+08:00,GOOD
2419,仲琦,29.55,1.9,1137.0,33566600.0,2026-09-30T12:51:05+08:00,GOOD
2420,新巨,55.1,2.23,242.0,13215400.0,2026-09-30T12:51:05+08:00,GOOD
2421,建準,161.0,-1.53,1774.0,286531500.0,2026-09-30T12:51:05+08:00,GOOD
2423,固緯,72.0,0.0,119.0,8557400.0,2026-09-30T12:51:05+08:00,GOOD
2424,隴華,8.49,4.56,13.0,108440.0,2026-09-30T12:51:05+08:00,GOOD
2425,承啟,37.55,0.27,282.0,10610850.0,2026-09-30T12:51:05+08:00,GOOD
2426,鼎元,104.5,4.71,58026.0,6049794000.0,2026-09-30T12:51:05+08:00,GOOD
2427,三商電,23.4,0.65,553.0,12907550.0,2026-09-30T12:51:05+08:00,GOOD
2428,興勤,251.5,0.0,284.0,71800000.0,2026-09-30T12:51:05+08:00,GOOD
2429,銘旺科,30.9,0.82,481.0,14695500.0,2026-09-30T12:51:05+08:00,GOOD
2430,燦坤,18.1,0.0,10.0,180050.0,2026-09-30T12:51:05+08:00,GOOD
2431,聯昌,10.15,1.5,63.0,634650.0,2026-09-30T12:51:05+08:00,GOOD
2433,互盛電,40.0,0.0,29.0,1161500.0,2026-09-30T12:51:05+08:00,GOOD
2434,統懋,66.0,1.85,692.0,46151300.0,2026-09-30T12:51:05+08:00,GOOD
2436,偉詮電,74.2,-2.24,7849.0,590921200.0,2026-09-30T12:51:05+08:00,GOOD
2438,翔耀,20.0,1.52,76.0,1521450.0,2026-09-30T12:51:05+08:00,GOOD
2439,美律,77.4,-0.9,1569.0,121902500.0,2026-09-30T12:51:05+08:00,GOOD
2440,太空梭,14.45,2.12,187.0,2671100.0,2026-09-30T12:51:05+08:00,GOOD
2441,超豐,126.0,3.28,2733.0,343218000.0,2026-09-30T12:51:05+08:00,GOOD
2442,新美齊,14.4,0.35,344.0,4955600.0,2026-09-30T12:51:05+08:00,GOOD
2444,兆勁,15.85,5.32,2974.0,47411000.0,2026-09-30T12:51:05+08:00,GOOD
2449,京元電子,296.0,0.51,18658.0,5580799000.0,2026-09-30T12:51:05+08:00,GOOD
2450,神腦,28.25,0.18,30.0,846450.0,2026-09-30T12:51:05+08:00,GOOD
2451,創見,290.5,1.57,2098.0,607149500.0,2026-09-30T12:51:05+08:00,GOOD
2453,凌群,53.8,0.56,109.0,5850700.0,2026-09-30T12:51:05+08:00,GOOD
2454,聯發科,4975.0,1.32,5290.0,26582700000.0,2026-09-30T12:51:05+08:00,GOOD
2455,全新,553.0,1.84,1053.0,582463000.0,2026-09-30T12:51:05+08:00,GOOD
2457,飛宏,22.45,3.22,1389.0,31035000.0,2026-09-30T12:51:05+08:00,GOOD
2458,義隆,136.5,0.37,1034.0,141183500.0,2026-09-30T12:51:05+08:00,GOOD
2459,敦吉,64.9,0.0,64.0,4154400.0,2026-09-30T12:51:05+08:00,GOOD
2460,建通,30.45,2.01,253.0,7652250.0,2026-09-30T12:51:05+08:00,GOOD
2461,光群雷,17.75,2.01,681.0,12023300.0,2026-09-30T12:51:05+08:00,GOOD
2462,良得電,19.9,0.25,65.0,1291350.0,2026-09-30T12:51:05+08:00,GOOD
2464,盟立,193.5,0.78,7030.0,1364403000.0,2026-09-30T12:51:05+08:00,GOOD
2465,麗臺,91.5,-0.44,923.0,85143200.0,2026-09-30T12:51:05+08:00,GOOD
2466,冠西電,124.5,9.69,2949.0,363679000.0,2026-09-30T12:51:05+08:00,GOOD
2467,志聖,545.0,0.18,732.0,404436000.0,2026-09-30T12:51:05+08:00,GOOD
2468,華經,45.75,-0.65,670.0,30649550.0,2026-09-30T12:51:05+08:00,GOOD
2471,資通,51.8,0.97,75.0,3868000.0,2026-09-30T12:51:05+08:00,GOOD
2472,立隆電,214.0,0.47,746.0,160335500.0,2026-09-30T12:51:05+08:00,GOOD
2474,可成,206.0,0.24,887.0,182973000.0,2026-09-30T12:51:05+08:00,GOOD
2476,鉅祥,123.5,-0.8,356.0,44284000.0,2026-09-30T12:51:05+08:00,GOOD
2477,美隆電,23.15,0.22,98.0,2269600.0,2026-09-30T12:51:05+08:00,GOOD
2478,大毅,120.0,2.13,810.0,96929500.0,2026-09-30T12:51:05+08:00,GOOD
2480,敦陽科,160.0,0.31,70.0,11179500.0,2026-09-30T12:51:05+08:00,GOOD
2481,強茂,172.0,-1.99,22708.0,3929550000.0,2026-09-30T12:51:05+08:00,GOOD
2482,連宇,16.4,0.31,113.0,1858300.0,2026-09-30T12:51:05+08:00,GOOD
2483,百容,35.75,10.0,1626.0,56896850.0,2026-09-30T12:51:05+08:00,GOOD
2484,希華,78.9,2.6,20204.0,1579559500.0,2026-09-30T12:51:05+08:00,GOOD
2485,兆赫,41.2,3.65,2793.0,114306950.0,2026-09-30T12:51:05+08:00,GOOD
2486,一詮,241.0,1.69,3023.0,723843000.0,2026-09-30T12:51:05+08:00,GOOD
2488,漢平,49.0,0.62,55.0,2691500.0,2026-09-30T12:51:05+08:00,GOOD
2489,瑞軒,41.85,1.82,20223.0,846427250.0,2026-09-30T12:51:05+08:00,GOOD
2491,吉祥全,40.9,1.74,531.0,21798350.0,2026-09-30T12:51:05+08:00,GOOD
2492,華新科,299.5,-0.83,13686.0,4124733000.0,2026-09-30T12:51:05+08:00,GOOD
2493,揚博,198.5,1.28,1270.0,252084000.0,2026-09-30T12:51:05+08:00,GOOD
2495,普安,39.1,0.39,763.0,29899550.0,2026-09-30T12:51:05+08:00,GOOD
2496,卓越,54.7,-0.73,11.0,603300.0,2026-09-30T12:51:05+08:00,GOOD
2497,怡利電,44.45,1.95,205.0,9136500.0,2026-09-30T12:51:05+08:00,GOOD
2498,宏達電,43.35,0.81,10292.0,448022850.0,2026-09-30T12:51:05+08:00,GOOD
2501,國建,21.3,0.71,2019.0,42743550.0,2026-09-30T12:51:05+08:00,GOOD
2504,國產,30.7,0.49,1002.0,30643800.0,2026-09-30T12:51:05+08:00,GOOD
2505,國揚,17.0,0.29,202.0,3432300.0,2026-09-30T12:51:05+08:00,GOOD
2506,太設,8.41,0.0,35.0,294120.0,2026-09-30T12:51:05+08:00,GOOD
2509,全坤建,14.2,1.07,20.0,283700.0,2026-09-30T12:51:05+08:00,GOOD
2511,太子,8.33,0.12,420.0,3494380.0,2026-09-30T12:51:05+08:00,GOOD
2514,龍邦,11.6,1.75,47.0,545450.0,2026-09-30T12:51:05+08:00,GOOD
2515,中工,12.0,1.69,2490.0,29685800.0,2026-09-30T12:51:05+08:00,GOOD
2516,新建,15.3,2.68,107.0,1634150.0,2026-09-30T12:51:05+08:00,GOOD
2520,冠德,36.65,-0.95,1026.0,37699550.0,2026-09-30T12:51:05+08:00,GOOD
2524,京城,34.55,0.88,39.0,1345800.0,2026-09-30T12:51:05+08:00,GOOD
2527,宏璟,49.75,2.9,1347.0,67116100.0,2026-09-30T12:51:05+08:00,GOOD
2528,皇普,19.4,0.52,132.0,2558950.0,2026-09-30T12:51:05+08:00,GOOD
2530,華建,20.05,-0.25,367.0,7353100.0,2026-09-30T12:51:05+08:00,GOOD
2534,宏盛,16.85,-0.3,187.0,3135600.0,2026-09-30T12:51:05+08:00,GOOD
2535,達欣工,89.1,0.0,103.0,9190400.0,2026-09-30T12:51:05+08:00,GOOD
2536,宏普,19.25,0.52,382.0,7311800.0,2026-09-30T12:51:05+08:00,GOOD
2537,聯上發,11.25,0.0,269.0,3023250.0,2026-09-30T12:51:05+08:00,GOOD
2538,基泰,8.84,1.49,432.0,3784230.0,2026-09-30T12:51:05+08:00,GOOD
2539,櫻花建,34.2,0.59,460.0,15668250.0,2026-09-30T12:51:05+08:00,GOOD
2540,愛山林,48.25,1.37,202.0,9706000.0,2026-09-30T12:51:05+08:00,GOOD
2542,興富發,38.7,0.26,9282.0,355756050.0,2026-09-30T12:51:05+08:00,GOOD
2543,皇昌,38.6,1.18,551.0,21202700.0,2026-09-30T12:51:05+08:00,GOOD
2545,皇翔,34.35,1.33,118.0,4050950.0,2026-09-30T12:51:05+08:00,GOOD
2546,根基,105.5,-0.47,81.0,8540500.0,2026-09-30T12:51:05+08:00,GOOD
2547,日勝生,9.86,0.1,584.0,5750290.0,2026-09-30T12:51:05+08:00,GOOD
2548,華固,92.1,-0.11,735.0,67760200.0,2026-09-30T12:51:05+08:00,GOOD
2597,潤弘,167.5,0.3,117.0,19685500.0,2026-09-30T12:51:05+08:00,GOOD
2603,長榮,239.0,0.42,2724.0,651734500.0,2026-09-30T12:51:05+08:00,GOOD
2605,新興,35.5,0.28,7938.0,281628500.0,2026-09-30T12:51:05+08:00,GOOD
2606,裕民,73.7,0.41,1611.0,118562900.0,2026-09-30T12:51:05+08:00,GOOD
2607,榮運,53.7,1.13,173.0,9255100.0,2026-09-30T12:51:05+08:00,GOOD
2608,嘉里大榮,28.55,0.0,51.0,1457500.0,2026-09-30T12:51:05+08:00,GOOD
2609,陽明,59.3,1.54,9800.0,580228300.0,2026-09-30T12:51:05+08:00,GOOD
2610,華航,20.4,1.49,10265.0,208995600.0,2026-09-30T12:51:05+08:00,GOOD
2611,志信,14.4,2.49,390.0,5583600.0,2026-09-30T12:51:05+08:00,GOOD
2612,中航,61.8,1.64,231.0,14162100.0,2026-09-30T12:51:05+08:00,GOOD
2613,中櫃,22.2,1.14,160.0,3535450.0,2026-09-30T12:51:05+08:00,GOOD
2614,東森,19.15,1.59,1387.0,26454400.0,2026-09-30T12:51:05+08:00,GOOD
2615,萬海,114.0,2.7,3578.0,404932000.0,2026-09-30T12:51:05+08:00,GOOD
2616,山隆,13.3,0.76,48.0,635850.0,2026-09-30T12:51:05+08:00,GOOD
2617,台航,31.35,0.32,444.0,13893600.0,2026-09-30T12:51:05+08:00,GOOD
2618,長榮航,42.75,3.01,18486.0,788866650.0,2026-09-30T12:51:05+08:00,GOOD
2630,亞航,47.1,1.73,674.0,31604800.0,2026-09-30T12:51:05+08:00,GOOD
2633,台灣高鐵,25.8,1.38,1770.0,45532750.0,2026-09-30T12:51:05+08:00,GOOD
2634,漢翔,64.1,1.58,4926.0,314396500.0,2026-09-30T12:51:05+08:00,GOOD
2636,台驊控股,71.5,1.56,252.0,17977100.0,2026-09-30T12:51:05+08:00,GOOD
2637,慧洋-KY,96.9,2.0,1076.0,103853500.0,2026-09-30T12:51:05+08:00,GOOD
2642,宅配通,20.35,0.25,28.0,567450.0,2026-09-30T12:51:05+08:00,GOOD
2645,長榮航太,174.0,1.16,573.0,99463500.0,2026-09-30T12:51:05+08:00,GOOD
2646,星宇航空,20.2,0.75,2276.0,45776300.0,2026-09-30T12:51:05+08:00,GOOD
2701,萬企,10.3,0.49,29.0,297750.0,2026-09-30T12:51:05+08:00,GOOD
2702,華園,12.25,-3.16,304.0,3720600.0,2026-09-30T12:51:05+08:00,GOOD
2704,國賓,45.05,0.11,40.0,1810100.0,2026-09-30T12:51:05+08:00,GOOD
2705,六福,15.1,0.33,55.0,830650.0,2026-09-30T12:51:05+08:00,GOOD
2706,第一店,12.15,0.41,16.0,194700.0,2026-09-30T12:51:05+08:00,GOOD
2707,晶華,175.5,0.29,62.0,10884500.0,2026-09-30T12:51:05+08:00,GOOD
2712,遠雄來,13.45,0.37,8.0,107600.0,2026-09-30T12:51:05+08:00,GOOD
2722,夏都,21.35,0.71,23.0,490050.0,2026-09-30T12:51:05+08:00,GOOD
2723,美食-KY,77.5,1.17,96.0,7419000.0,2026-09-30T12:51:05+08:00,GOOD
2727,王品,235.0,0.0,181.0,42201000.0,2026-09-30T12:51:05+08:00,GOOD
2731,雄獅,143.5,0.35,70.0,10072500.0,2026-09-30T12:51:05+08:00,GOOD
2739,寒舍,36.3,0.14,42.0,1524850.0,2026-09-30T12:51:05+08:00,GOOD
2748,雲品,38.75,0.13,44.0,1701800.0,2026-09-30T12:51:05+08:00,GOOD
2753,八方雲集,180.5,0.84,113.0,20303500.0,2026-09-30T12:51:05+08:00,GOOD
2762,世界健身-KY,79.2,0.25,20.0,1586600.0,2026-09-30T12:51:05+08:00,GOOD
2801,彰銀,27.7,0.73,10801.0,298026800.0,2026-09-30T12:51:05+08:00,GOOD
2812,台中銀,18.9,0.53,6469.0,122255500.0,2026-09-30T12:51:05+08:00,GOOD
2816,旺旺保,40.25,1.0,106.0,4255500.0,2026-09-30T12:51:05+08:00,GOOD
2820,華票,16.85,0.0,1530.0,25806150.0,2026-09-30T12:51:05+08:00,GOOD
2832,台產,56.9,0.18,102.0,5801000.0,2026-09-30T12:51:05+08:00,GOOD
2834,臺企銀,17.75,0.85,11578.0,205623400.0,2026-09-30T12:51:05+08:00,GOOD
2836,高雄銀,12.1,0.83,274.0,3310000.0,2026-09-30T12:51:05+08:00,GOOD
2838,聯邦銀,20.6,0.24,1235.0,25481650.0,2026-09-30T12:51:05+08:00,GOOD
2845,遠東銀,13.2,0.76,4296.0,56602500.0,2026-09-30T12:51:05+08:00,GOOD
2849,安泰銀,16.0,3.23,102.0,1620150.0,2026-09-30T12:51:05+08:00,GOOD
2850,新產,163.0,1.24,237.0,38205000.0,2026-09-30T12:51:05+08:00,GOOD
2851,中再保,47.1,0.11,807.0,38005050.0,2026-09-30T12:51:05+08:00,GOOD
2852,第一保,27.8,0.36,113.0,3140700.0,2026-09-30T12:51:05+08:00,GOOD
2855,統一證,56.6,1.98,3025.0,170614500.0,2026-09-30T12:51:05+08:00,GOOD
2880,華南金,45.55,1.45,6760.0,307941400.0,2026-09-30T12:51:05+08:00,GOOD
2881,富邦金,153.0,0.99,6087.0,927991000.0,2026-09-30T12:51:05+08:00,GOOD
2882,國泰金,112.0,0.45,12123.0,1356428000.0,2026-09-30T12:51:05+08:00,GOOD
2883,凱基金,39.0,0.13,16766.0,654854600.0,2026-09-30T12:51:05+08:00,GOOD
2884,玉山金,45.0,0.22,14162.0,637443400.0,2026-09-30T12:51:05+08:00,GOOD
2885,元大金,68.7,0.0,7854.0,540970600.0,2026-09-30T12:51:05+08:00,GOOD
2886,兆豐金,49.2,0.2,7368.0,362863750.0,2026-09-30T12:51:05+08:00,GOOD
2887,台新新光金,42.2,0.96,18732.0,790122350.0,2026-09-30T12:51:05+08:00,GOOD
2889,國票金,16.55,0.91,4393.0,72637900.0,2026-09-30T12:51:05+08:00,GOOD
2890,永豐金,44.4,1.14,7338.0,325889150.0,2026-09-30T12:51:05+08:00,GOOD
2891,中信金,68.7,0.0,11787.0,811430600.0,2026-09-30T12:51:05+08:00,GOOD
2892,第一金,38.65,0.13,15830.0,612678750.0,2026-09-30T12:51:05+08:00,GOOD
2897,王道銀行,10.95,0.0,2986.0,32678750.0,2026-09-30T12:51:05+08:00,GOOD
2901,欣欣,24.15,1.47,25.0,602700.0,2026-09-30T12:51:05+08:00,GOOD
2903,遠百,22.0,0.46,702.0,15454950.0,2026-09-30T12:51:05+08:00,GOOD
2904,匯僑,12.65,0.4,10.0,125900.0,2026-09-30T12:51:05+08:00,GOOD
2905,三商,18.25,1.39,623.0,11360650.0,2026-09-30T12:51:05+08:00,GOOD
2906,高林,13.35,0.38,64.0,852300.0,2026-09-30T12:51:05+08:00,GOOD
2908,特力,21.9,0.92,189.0,4138800.0,2026-09-30T12:51:05+08:00,GOOD
2910,統領,23.6,2.16,28.0,657350.0,2026-09-30T12:51:05+08:00,GOOD
2911,麗嬰房,6.05,0.33,75.0,453220.0,2026-09-30T12:51:05+08:00,GOOD
2912,統一超,213.0,0.47,896.0,190417500.0,2026-09-30T12:51:05+08:00,GOOD
2913,農林,11.1,0.91,490.0,5418100.0,2026-09-30T12:51:05+08:00,GOOD
2915,潤泰全,59.0,0.85,973.0,57303800.0,2026-09-30T12:51:05+08:00,GOOD
2923,鼎固-KY,25.2,5.44,101.0,2540400.0,2026-09-30T12:51:05+08:00,GOOD
2929,淘帝-KY,5.81,0.0,46.0,268430.0,2026-09-30T12:51:05+08:00,GOOD
2939,永邑-KY,21.7,7.16,77.0,1623800.0,2026-09-30T12:51:05+08:00,GOOD
2945,三商家購,39.85,0.13,16.0,637350.0,2026-09-30T12:51:05+08:00,GOOD
3002,歐格,19.3,2.12,269.0,5213050.0,2026-09-30T12:51:05+08:00,GOOD
3003,健和興,60.6,1.51,297.0,17876600.0,2026-09-30T12:51:05+08:00,GOOD
3004,豐達科,119.0,1.28,125.0,14831500.0,2026-09-30T12:51:05+08:00,GOOD
3005,神基,116.5,-0.43,928.0,108378000.0,2026-09-30T12:51:05+08:00,GOOD
3006,晶豪科,285.0,0.0,6353.0,1814591000.0,2026-09-30T12:51:05+08:00,GOOD
3008,大立光,6000.0,-0.33,1057.0,6344860000.0,2026-09-30T12:51:05+08:00,GOOD
3010,華立,126.0,0.8,262.0,33007500.0,2026-09-30T12:51:05+08:00,GOOD
3011,今皓,10.15,2.53,190.0,1919370.0,2026-09-30T12:51:05+08:00,GOOD
3013,晟銘電,86.7,3.21,2441.0,214275200.0,2026-09-30T12:51:05+08:00,GOOD
3014,聯陽,142.0,-1.05,1265.0,179726000.0,2026-09-30T12:51:05+08:00,GOOD
3015,全漢,54.7,1.86,433.0,23719700.0,2026-09-30T12:51:05+08:00,GOOD
3016,嘉晶,170.0,-1.45,37685.0,6348144000.0,2026-09-30T12:51:05+08:00,GOOD
3017,奇鋐,3425.0,0.74,2859.0,10003400000.0,2026-09-30T12:51:05+08:00,GOOD
3018,隆銘綠能,11.9,-0.42,28.0,334050.0,2026-09-30T12:51:05+08:00,GOOD
3019,亞光,136.0,0.37,919.0,125365500.0,2026-09-30T12:51:05+08:00,GOOD
3021,鴻名,28.5,-3.72,2951.0,85600450.0,2026-09-30T12:51:05+08:00,GOOD
3022,威強電,92.0,-1.08,862.0,79680100.0,2026-09-30T12:51:05+08:00,GOOD
3023,信邦,306.5,-0.33,886.0,271858000.0,2026-09-30T12:51:05+08:00,GOOD
3024,憶聲,14.25,0.35,407.0,5778850.0,2026-09-30T12:51:05+08:00,GOOD
3025,星通,52.7,0.57,118.0,6228900.0,2026-09-30T12:51:05+08:00,GOOD
3026,禾伸堂,796.0,0.0,4699.0,3772800000.0,2026-09-30T12:51:05+08:00,GOOD
3027,盛達,18.8,2.17,211.0,3964000.0,2026-09-30T12:51:05+08:00,GOOD
3028,增你強,62.9,0.32,444.0,27967100.0,2026-09-30T12:51:05+08:00,GOOD
3029,零壹,120.0,2.13,1278.0,151869500.0,2026-09-30T12:51:05+08:00,GOOD
3030,德律,279.0,1.09,807.0,225152000.0,2026-09-30T12:51:05+08:00,GOOD
3031,佰鴻,30.8,-1.44,3091.0,95765000.0,2026-09-30T12:51:05+08:00,GOOD
3032,偉訓,78.6,0.9,116.0,9095000.0,2026-09-30T12:51:05+08:00,GOOD
3033,威健,42.8,1.9,2559.0,108936600.0,2026-09-30T12:51:05+08:00,GOOD
3034,聯詠,550.0,1.85,2882.0,1574364000.0,2026-09-30T12:51:05+08:00,GOOD
3035,智原,211.5,0.71,4463.0,941551000.0,2026-09-30T12:51:05+08:00,GOOD
3036,文曄,207.0,-0.24,5233.0,1086863000.0,2026-09-30T12:51:05+08:00,GOOD
3037,欣興,1175.0,0.86,7570.0,8885525000.0,2026-09-30T12:51:05+08:00,GOOD
3038,全台,20.8,2.46,473.0,9772100.0,2026-09-30T12:51:05+08:00,GOOD
3040,遠見,33.75,-0.3,74.0,2510400.0,2026-09-30T12:51:05+08:00,GOOD
3041,揚智,24.35,3.18,1021.0,24697550.0,2026-09-30T12:51:05+08:00,GOOD
3042,晶技,210.0,0.72,22872.0,4850675500.0,2026-09-30T12:51:05+08:00,GOOD
3043,科風,20.35,1.24,33.0,670950.0,2026-09-30T12:51:05+08:00,GOOD
3044,健鼎,524.0,0.58,1492.0,791457000.0,2026-09-30T12:51:05+08:00,GOOD
3045,台灣大,119.5,-1.24,7663.0,911340500.0,2026-09-30T12:51:05+08:00,GOOD
3046,建碁,53.8,0.37,83.0,4458900.0,2026-09-30T12:51:05+08:00,GOOD
3047,訊舟,14.8,1.72,535.0,7885700.0,2026-09-30T12:51:05+08:00,GOOD
3048,益登,51.8,1.37,649.0,33491100.0,2026-09-30T12:51:05+08:00,GOOD
3049,精金,12.65,4.12,7765.0,98470050.0,2026-09-30T12:51:05+08:00,GOOD
3050,鈺德,11.9,2.15,566.0,6705450.0,2026-09-30T12:51:05+08:00,GOOD
3051,力特,23.35,3.09,1129.0,26352600.0,2026-09-30T12:51:05+08:00,GOOD
3052,夆典,10.4,0.48,197.0,2048800.0,2026-09-30T12:51:05+08:00,GOOD
3054,立萬利,59.4,1.02,123.0,7247800.0,2026-09-30T12:51:05+08:00,GOOD
3055,蔚華科,203.0,-0.25,12567.0,2525225000.0,2026-09-30T12:51:05+08:00,GOOD
3056,富華新,13.85,0.0,437.0,6035000.0,2026-09-30T12:51:05+08:00,GOOD
3057,喬鼎,16.25,0.0,10.0,162300.0,2026-09-30T12:51:05+08:00,GOOD
3058,立德,8.21,0.74,242.0,1982040.0,2026-09-30T12:51:05+08:00,GOOD
3059,華晶科,38.7,2.25,1312.0,50469600.0,2026-09-30T12:51:05+08:00,GOOD
3060,銘異,28.1,2.37,1950.0,55312600.0,2026-09-30T12:51:05+08:00,GOOD
3062,建漢,22.9,4.09,2760.0,62735450.0,2026-09-30T12:51:05+08:00,GOOD
3090,日電貿,161.5,0.31,818.0,132478000.0,2026-09-30T12:51:05+08:00,GOOD
3092,鴻碩,24.7,8.57,1219.0,30134000.0,2026-09-30T12:51:05+08:00,GOOD
3094,聯傑,60.6,1.51,30897.0,1873160500.0,2026-09-30T12:51:05+08:00,GOOD
3130,一零四,209.0,0.0,33.0,6908500.0,2026-09-30T12:51:05+08:00,GOOD
3135,凌航,158.0,0.96,255.0,40179000.0,2026-09-30T12:51:05+08:00,GOOD
3138,耀登,101.5,3.47,487.0,49240400.0,2026-09-30T12:51:05+08:00,GOOD
3149,正達,74.0,9.96,18113.0,1314967800.0,2026-09-30T12:51:05+08:00,GOOD
3164,景岳,16.5,-0.6,28.0,459950.0,2026-09-30T12:51:05+08:00,GOOD
3167,大量,887.0,-1.77,3121.0,2773093000.0,2026-09-30T12:51:05+08:00,GOOD
3168,眾福科,42.8,1.54,12.0,508650.0,2026-09-30T12:51:05+08:00,GOOD
3189,景碩,965.0,1.05,18751.0,17903454000.0,2026-09-30T12:51:05+08:00,GOOD
3209,全科,45.65,0.33,393.0,17979050.0,2026-09-30T12:51:05+08:00,GOOD
3229,晟鈦,59.3,3.85,1683.0,99601100.0,2026-09-30T12:51:05+08:00,GOOD
3231,緯創,185.5,0.0,13988.0,2597488500.0,2026-09-30T12:51:05+08:00,GOOD
3257,虹冠電,49.55,0.51,92.0,4553450.0,2026-09-30T12:51:05+08:00,GOOD
3266,昇陽,14.0,1.82,30.0,418400.0,2026-09-30T12:51:05+08:00,GOOD
3296,勝德,28.2,1.44,41.0,1146000.0,2026-09-30T12:51:05+08:00,GOOD
3305,昇貿,106.5,1.91,564.0,59894500.0,2026-09-30T12:51:05+08:00,GOOD
3308,聯德,22.65,2.03,113.0,2545400.0,2026-09-30T12:51:05+08:00,GOOD
3311,閎暉,40.85,7.08,4343.0,179095400.0,2026-09-30T12:51:05+08:00,GOOD
3312,弘憶股,52.2,2.55,866.0,45241200.0,2026-09-30T12:51:05+08:00,GOOD
3321,同泰,18.25,0.55,74.0,1347650.0,2026-09-30T12:51:05+08:00,GOOD
3338,泰碩,67.9,0.0,280.0,19075000.0,2026-09-30T12:51:05+08:00,GOOD
3346,麗清,24.15,1.47,455.0,10945150.0,2026-09-30T12:51:05+08:00,GOOD
3356,奇偶,66.2,0.91,118.0,7787300.0,2026-09-30T12:51:05+08:00,GOOD
3376,新日興,176.0,2.62,1987.0,346482500.0,2026-09-30T12:51:05+08:00,GOOD
3380,明泰,32.2,1.9,4739.0,153373750.0,2026-09-30T12:51:05+08:00,GOOD
3406,玉晶光,895.0,1.47,2881.0,2594035000.0,2026-09-30T12:51:05+08:00,GOOD
3413,京鼎,292.0,0.34,562.0,164771500.0,2026-09-30T12:51:05+08:00,GOOD
3416,融程電,162.0,0.0,129.0,20970000.0,2026-09-30T12:51:05+08:00,GOOD
3419,譁裕,12.2,3.39,946.0,11531150.0,2026-09-30T12:51:05+08:00,GOOD
3432,台端,14.8,0.0,45.0,666500.0,2026-09-30T12:51:05+08:00,GOOD
3437,榮創,22.35,-0.22,1853.0,41734300.0,2026-09-30T12:51:05+08:00,GOOD
3443,創意,7980.0,0.06,475.0,3792695000.0,2026-09-30T12:51:05+08:00,GOOD
3447,展達,27.75,2.21,57.0,1571400.0,2026-09-30T12:51:05+08:00,GOOD
3450,聯鈞,527.0,0.38,3546.0,1876247000.0,2026-09-30T12:51:05+08:00,GOOD
3481,群創,54.7,9.95,475737.0,25520357500.0,2026-09-30T12:51:05+08:00,GOOD
3494,誠研,7.1,0.14,17.0,120100.0,2026-09-30T12:51:05+08:00,GOOD
3501,維熹,37.65,0.4,179.0,6726450.0,2026-09-30T12:51:05+08:00,GOOD
3504,揚明光,79.5,0.0,498.0,39698800.0,2026-09-30T12:51:05+08:00,GOOD
3515,華擎,213.0,0.95,70.0,14873000.0,2026-09-30T12:51:05+08:00,GOOD
3518,柏騰,41.1,9.89,8314.0,340772300.0,2026-09-30T12:51:05+08:00,GOOD
3528,安馳,85.3,0.71,120.0,10172800.0,2026-09-30T12:51:05+08:00,GOOD
3530,晶相光,59.0,1.03,92.0,5446100.0,2026-09-30T12:51:05+08:00,GOOD
3532,台勝科,478.5,5.4,11809.0,5572212000.0,2026-09-30T12:51:05+08:00,GOOD
3533,嘉澤,1775.0,3.8,1870.0,3284975000.0,2026-09-30T12:51:05+08:00,GOOD
3535,晶彩科,91.3,1.67,1329.0,122010700.0,2026-09-30T12:51:05+08:00,GOOD
3543,州巧,51.4,2.39,9490.0,477980450.0,2026-09-30T12:51:05+08:00,GOOD
3545,敦泰,51.9,0.0,797.0,41116900.0,2026-09-30T12:51:05+08:00,GOOD
3550,聯穎,26.0,-0.76,7043.0,186109650.0,2026-09-30T12:51:05+08:00,GOOD
3557,嘉威,22.7,-0.44,37.0,842700.0,2026-09-30T12:51:05+08:00,GOOD
3563,牧德,811.0,2.14,1508.0,1214108000.0,2026-09-30T12:51:05+08:00,GOOD
3576,聯合再生,19.7,9.75,85529.0,1674536850.0,2026-09-30T12:51:05+08:00,GOOD
3583,辛耘,714.0,0.14,890.0,643564000.0,2026-09-30T12:51:05+08:00,GOOD
3588,通嘉,54.0,0.56,155.0,8399700.0,2026-09-30T12:51:05+08:00,GOOD
3591,艾笛森,27.3,3.41,1979.0,54102400.0,2026-09-30T12:51:05+08:00,GOOD
3592,瑞鼎,238.0,5.78,1396.0,327390500.0,2026-09-30T12:51:05+08:00,GOOD
3593,力銘,11.0,6.8,30.0,312800.0,2026-09-30T12:51:05+08:00,GOOD
3596,智易,153.5,0.0,357.0,54851500.0,2026-09-30T12:51:05+08:00,GOOD
3605,宏致,171.0,-6.3,13748.0,2394135000.0,2026-09-30T12:51:05+08:00,GOOD
3607,谷崧,13.95,1.82,190.0,2632200.0,2026-09-30T12:51:05+08:00,GOOD
3617,碩天,244.5,1.66,131.0,31900500.0,2026-09-30T12:51:05+08:00,GOOD
3622,洋華,46.15,3.36,138.0,6305050.0,2026-09-30T12:51:05+08:00,GOOD
3645,達邁,74.0,1.79,2965.0,219225100.0,2026-09-30T12:51:05+08:00,GOOD
3652,精聯,34.0,0.44,35.0,1181300.0,2026-09-30T12:51:05+08:00,GOOD
3653,健策,6770.0,-1.81,904.0,6188100000.0,2026-09-30T12:51:05+08:00,GOOD
3661,世芯-KY,3755.0,1.9,779.0,2938060000.0,2026-09-30T12:51:05+08:00,GOOD
3665,貿聯-KY,2645.0,8.18,5072.0,13095735000.0,2026-09-30T12:51:05+08:00,GOOD
3669,圓展,32.85,1.23,81.0,2659450.0,2026-09-30T12:51:05+08:00,GOOD
3673,TPK-KY,75.5,9.9,35356.0,2588957400.0,2026-09-30T12:51:05+08:00,GOOD
3679,新至陞,108.5,0.0,29.0,3140000.0,2026-09-30T12:51:05+08:00,GOOD
3686,達能,16.3,9.76,541.0,8672400.0,2026-09-30T12:51:05+08:00,GOOD
3694,海華,51.3,1.79,289.0,14801500.0,2026-09-30T12:51:05+08:00,GOOD
3701,大眾控,45.9,9.94,4497.0,203164450.0,2026-09-30T12:51:05+08:00,GOOD
3702,大聯大,114.0,-0.87,3484.0,398260000.0,2026-09-30T12:51:05+08:00,GOOD
3703,欣陸,19.65,0.77,512.0,10002300.0,2026-09-30T12:51:05+08:00,GOOD
3704,合勤控,40.65,0.99,638.0,25893100.0,2026-09-30T12:51:05+08:00,GOOD
3705,永信,56.6,1.25,109.0,6146400.0,2026-09-30T12:51:05+08:00,GOOD
3706,神達,79.5,0.76,3064.0,243319100.0,2026-09-30T12:51:05+08:00,GOOD
3708,上緯投控,98.2,0.61,216.0,21255500.0,2026-09-30T12:51:05+08:00,GOOD
3711,日月光投控,707.0,2.91,9364.0,6651054000.0,2026-09-30T12:51:05+08:00,GOOD
3712,永崴投控,20.7,0.24,579.0,11878600.0,2026-09-30T12:51:05+08:00,GOOD
3714,富采,69.7,2.35,17717.0,1240068600.0,2026-09-30T12:51:05+08:00,GOOD
3715,定穎投控,127.5,2.41,3447.0,434111000.0,2026-09-30T12:51:05+08:00,GOOD
3716,中化控股,34.05,0.44,217.0,7415650.0,2026-09-30T12:51:05+08:00,GOOD
3717,聯嘉投控,27.85,0.0,27831.0,782955800.0,2026-09-30T12:51:05+08:00,GOOD
4104,佳醫,72.6,0.69,118.0,8553300.0,2026-09-30T12:51:05+08:00,GOOD
4106,雃博,24.1,-0.62,67.0,1621750.0,2026-09-30T12:51:05+08:00,GOOD
4108,懷特,11.45,0.88,149.0,1691800.0,2026-09-30T12:51:05+08:00,GOOD
4119,旭富,55.4,0.0,73.0,4020800.0,2026-09-30T12:51:05+08:00,GOOD
4133,亞諾法,20.5,0.24,26.0,535050.0,2026-09-30T12:51:05+08:00,GOOD
4137,麗豐-KY,77.5,1.31,56.0,4327000.0,2026-09-30T12:51:05+08:00,GOOD
4142,國光生,18.2,0.55,1221.0,22192800.0,2026-09-30T12:51:05+08:00,GOOD
4148,全宇生技-KY,32.1,0.47,6.0,192450.0,2026-09-30T12:51:05+08:00,GOOD
4155,訊映,14.65,0.34,140.0,2042600.0,2026-09-30T12:51:05+08:00,GOOD
4164,承業醫,27.25,1.3,201.0,5473600.0,2026-09-30T12:51:05+08:00,GOOD
4169,泰宗,153.0,3.03,93.0,14073500.0,2026-09-30T12:51:05+08:00,GOOD
4178,永笙-KY,16.6,0.3,83.0,1371300.0,2026-09-30T12:51:05+08:00,GOOD
4190,佐登-KY,25.05,0.0,8.0,200950.0,2026-09-30T12:51:05+08:00,GOOD
4306,炎洲,14.65,0.0,575.0,8433500.0,2026-09-30T12:51:05+08:00,GOOD
4414,如興,8.08,-0.37,210.0,1705070.0,2026-09-30T12:51:05+08:00,GOOD
4426,利勤,7.63,0.26,33.0,251310.0,2026-09-30T12:51:05+08:00,GOOD
4438,廣越,56.8,0.18,28.0,1592300.0,2026-09-30T12:51:05+08:00,GOOD
4439,冠星-KY,97.5,1.04,18.0,1744400.0,2026-09-30T12:51:05+08:00,GOOD
4440,宜新實業,17.45,0.0,17.0,296650.0,2026-09-30T12:51:05+08:00,GOOD
4441,振大環球,171.5,0.88,65.0,11086000.0,2026-09-30T12:51:05+08:00,GOOD
4526,東台,34.05,5.91,6329.0,214281500.0,2026-09-30T12:51:05+08:00,GOOD
4532,瑞智,24.9,-0.6,581.0,14468150.0,2026-09-30T12:51:05+08:00,GOOD
4536,拓凱,161.0,-0.31,196.0,31640000.0,2026-09-30T12:51:05+08:00,GOOD
4540,全球傳動,62.6,0.0,3422.0,215363300.0,2026-09-30T12:51:05+08:00,GOOD
4545,銘鈺,39.1,9.99,883.0,34160900.0,2026-09-30T12:51:05+08:00,GOOD
4551,智伸科,175.5,-2.23,4293.0,772863500.0,2026-09-30T12:51:05+08:00,GOOD
4552,力達-KY,15.7,2.28,176.0,2743850.0,2026-09-30T12:51:05+08:00,GOOD
4555,氣立,42.05,1.08,60.0,2515000.0,2026-09-30T12:51:05+08:00,GOOD
4557,永新-KY,50.0,-0.2,50.0,2516200.0,2026-09-30T12:51:05+08:00,GOOD
4560,強信-KY,29.85,1.7,349.0,10272000.0,2026-09-30T12:51:05+08:00,GOOD
4562,穎漢,30.8,2.67,111.0,3381650.0,2026-09-30T12:51:05+08:00,GOOD
4564,元翎,16.25,0.31,446.0,7269050.0,2026-09-30T12:51:05+08:00,GOOD
4566,時碩工業,73.5,0.41,2686.0,201275700.0,2026-09-30T12:51:05+08:00,GOOD
4569,六方科-KY,157.0,1.95,21.0,3314500.0,2026-09-30T12:51:05+08:00,GOOD
4571,鈞興-KY,154.0,0.98,85.0,13055000.0,2026-09-30T12:51:05+08:00,GOOD
4572,駐龍,139.0,0.0,6.0,835500.0,2026-09-30T12:51:05+08:00,GOOD
4576,大銀微系統,238.0,-1.24,1530.0,364858500.0,2026-09-30T12:51:05+08:00,GOOD
4581,光隆精密-KY,48.1,0.84,9.0,431400.0,2026-09-30T12:51:05+08:00,GOOD
4583,台灣精銳,431.0,0.47,32.0,13753000.0,2026-09-30T12:51:05+08:00,GOOD
4585,達明,292.0,0.69,55.0,16038500.0,2026-09-30T12:51:05+08:00,GOOD
4588,玖鼎電力,56.0,1.27,29.0,1624500.0,2026-09-30T12:51:05+08:00,GOOD
4720,德淵,19.35,1.04,182.0,3524100.0,2026-09-30T12:51:05+08:00,GOOD
4722,國精化,190.5,0.26,536.0,103407000.0,2026-09-30T12:51:05+08:00,GOOD
4736,泰博,129.0,0.39,116.0,15019000.0,2026-09-30T12:51:05+08:00,GOOD
4737,華廣,55.8,0.36,32.0,1782400.0,2026-09-30T12:51:05+08:00,GOOD
4739,康普,88.4,6.25,3622.0,317631700.0,2026-09-30T12:51:05+08:00,GOOD
4746,台耀,48.8,2.31,786.0,37944000.0,2026-09-30T12:51:05+08:00,GOOD
4755,三福化,119.0,0.85,207.0,24675000.0,2026-09-30T12:51:05+08:00,GOOD
4763,材料*-KY,48.95,4.48,7761.0,373644300.0,2026-09-30T12:51:05+08:00,GOOD
4764,雙鍵,190.0,3.83,1116.0,209712000.0,2026-09-30T12:51:05+08:00,GOOD
4766,南寶,341.0,0.0,53.0,18107000.0,2026-09-30T12:51:05+08:00,GOOD
4770,上品,283.0,-1.22,1150.0,324664500.0,2026-09-30T12:51:05+08:00,GOOD
4771,望隼,214.0,1.18,103.0,21926500.0,2026-09-30T12:51:05+08:00,GOOD
4807,日成-KY,28.9,-0.86,104.0,3024900.0,2026-09-30T12:51:05+08:00,GOOD
4904,遠傳,103.5,-0.96,3886.0,402191000.0,2026-09-30T12:51:05+08:00,GOOD
4906,正文,41.7,3.73,14324.0,590332450.0,2026-09-30T12:51:05+08:00,GOOD
4912,聯德控股-KY,100.0,3.31,892.0,89591800.0,2026-09-30T12:51:05+08:00,GOOD
4915,致伸,63.9,0.63,1026.0,65328800.0,2026-09-30T12:51:05+08:00,GOOD
4916,事欣科,103.5,1.97,1727.0,178647500.0,2026-09-30T12:51:05+08:00,GOOD
4919,新唐,138.5,2.21,10782.0,1482548000.0,2026-09-30T12:51:05+08:00,GOOD
4927,泰鼎-KY,44.35,1.37,2766.0,122470050.0,2026-09-30T12:51:05+08:00,GOOD
4930,燦星網,15.9,0.32,11.0,174800.0,2026-09-30T12:51:05+08:00,GOOD
4934,太極,14.85,4.95,700.0,10319000.0,2026-09-30T12:51:05+08:00,GOOD
4935,茂林-KY,34.0,4.13,75.0,2502750.0,2026-09-30T12:51:05+08:00,GOOD
4938,和碩,90.2,-0.66,7237.0,654445700.0,2026-09-30T12:51:05+08:00,GOOD
4942,嘉彰,31.9,-0.16,59.0,1881200.0,2026-09-30T12:51:05+08:00,GOOD
4943,康控-KY,6.91,-1.0,7.0,48280.0,2026-09-30T12:51:05+08:00,GOOD
4949,有成精密,76.3,0.39,334.0,25660900.0,2026-09-30T12:51:05+08:00,GOOD
4952,凌通,49.55,0.71,115.0,5705750.0,2026-09-30T12:51:05+08:00,GOOD
4956,光鋐,46.7,1.52,25893.0,1224322350.0,2026-09-30T12:51:05+08:00,GOOD
4958,臻鼎-KY,507.0,1.71,23884.0,11990856000.0,2026-09-30T12:51:05+08:00,GOOD
4960,誠美材,24.15,2.99,8272.0,199896250.0,2026-09-30T12:51:05+08:00,GOOD
4961,天鈺,181.5,-1.63,1116.0,200960000.0,2026-09-30T12:51:05+08:00,GOOD
4967,十銓,275.0,1.1,1084.0,297592000.0,2026-09-30T12:51:05+08:00,GOOD
4968,立積,95.2,2.59,433.0,41042200.0,2026-09-30T12:51:05+08:00,GOOD
4976,佳凌,35.85,0.99,473.0,16902450.0,2026-09-30T12:51:05+08:00,GOOD
4977,眾達-KY,170.0,0.89,1760.0,300532000.0,2026-09-30T12:51:05+08:00,GOOD
4989,榮科,61.2,2.86,1809.0,110229800.0,2026-09-30T12:51:05+08:00,GOOD
4994,傳奇,81.9,-0.49,8.0,655900.0,2026-09-30T12:51:05+08:00,GOOD
4999,鑫禾,17.9,1.13,29.0,515300.0,2026-09-30T12:51:05+08:00,GOOD
5007,三星,56.2,1.44,71.0,3977100.0,2026-09-30T12:51:05+08:00,GOOD
5203,訊連,58.4,-0.34,69.0,4040500.0,2026-09-30T12:51:05+08:00,GOOD
5215,科嘉-KY,37.8,1.34,9.0,340500.0,2026-09-30T12:51:05+08:00,GOOD
5222,全訊,106.0,1.44,104.0,11007000.0,2026-09-30T12:51:05+08:00,GOOD
5225,東科-KY,55.4,0.18,66.0,3646900.0,2026-09-30T12:51:05+08:00,GOOD
5234,達興材料,314.5,-2.33,1047.0,334339500.0,2026-09-30T12:51:05+08:00,GOOD
5236,凌陽創新,137.0,1.11,76.0,10387000.0,2026-09-30T12:51:05+08:00,GOOD
5243,乙盛-KY,91.2,2.82,1380.0,126813300.0,2026-09-30T12:51:05+08:00,GOOD
5244,弘凱,35.5,0.0,53.0,1883550.0,2026-09-30T12:51:05+08:00,GOOD
5258,虹堡,41.75,1.33,119.0,4963900.0,2026-09-30T12:51:05+08:00,GOOD
5269,祥碩,1470.0,-0.34,200.0,293985000.0,2026-09-30T12:51:05+08:00,GOOD
5283,禾聯碩,52.8,0.38,54.0,2851200.0,2026-09-30T12:51:05+08:00,GOOD
5284,jpp-KY,298.5,-0.5,173.0,51950000.0,2026-09-30T12:51:05+08:00,GOOD
5285,界霖,90.1,-0.44,630.0,56920000.0,2026-09-30T12:51:05+08:00,GOOD
5288,豐祥-KY,183.0,-1.88,322.0,59802000.0,2026-09-30T12:51:05+08:00,GOOD
5292,華懋,224.5,2.75,172.0,38367500.0,2026-09-30T12:51:05+08:00,GOOD
5306,桂盟,88.7,0.11,21.0,1861800.0,2026-09-30T12:51:05+08:00,GOOD
5388,中磊,71.8,0.14,994.0,71450100.0,2026-09-30T12:51:05+08:00,GOOD
5434,崇越,555.0,2.78,730.0,406388000.0,2026-09-30T12:51:05+08:00,GOOD
5469,瀚宇博,73.7,0.14,794.0,58607000.0,2026-09-30T12:51:05+08:00,GOOD
5471,松翰,52.5,-0.38,500.0,26294400.0,2026-09-30T12:51:05+08:00,GOOD
5484,慧友,39.3,0.13,142.0,5592650.0,2026-09-30T12:51:05+08:00,GOOD
5515,建國,52.0,-1.33,269.0,13969700.0,2026-09-30T12:51:05+08:00,GOOD
5519,隆大,25.2,0.8,118.0,2963800.0,2026-09-30T12:51:05+08:00,GOOD
5521,工信,10.55,0.48,692.0,7315050.0,2026-09-30T12:51:05+08:00,GOOD
5522,遠雄,61.4,1.15,369.0,22546700.0,2026-09-30T12:51:05+08:00,GOOD
5525,順天,21.9,-0.23,41.0,898600.0,2026-09-30T12:51:05+08:00,GOOD
5531,鄉林,6.9,0.73,410.0,2819450.0,2026-09-30T12:51:05+08:00,GOOD
5533,皇鼎,13.95,0.72,37.0,514750.0,2026-09-30T12:51:05+08:00,GOOD
5534,長虹,73.5,0.27,360.0,26398000.0,2026-09-30T12:51:05+08:00,GOOD
5538,東明-KY,36.5,3.11,101.0,3646550.0,2026-09-30T12:51:05+08:00,GOOD
5546,永固-KY,14.25,1.06,2.0,28350.0,2026-09-30T12:51:05+08:00,GOOD
5607,遠雄港,52.4,0.96,205.0,10682100.0,2026-09-30T12:51:05+08:00,GOOD
5608,四維航,16.85,0.9,1115.0,18757200.0,2026-09-30T12:51:05+08:00,GOOD
5706,鳳凰,44.0,0.23,42.0,1847850.0,2026-09-30T12:51:05+08:00,GOOD
5871,中租-KY,106.5,-0.47,5514.0,587262500.0,2026-09-30T12:51:05+08:00,GOOD
5876,上海商銀,49.35,1.02,3074.0,151190200.0,2026-09-30T12:51:05+08:00,GOOD
5880,合庫金,26.1,0.19,8228.0,215185950.0,2026-09-30T12:51:05+08:00,GOOD
5906,台南-KY,40.95,0.24,2.0,81800.0,2026-09-30T12:51:05+08:00,GOOD
5907,大洋-KY,4.85,1.25,69.0,333320.0,2026-09-30T12:51:05+08:00,GOOD
6005,群益證,32.25,1.9,4264.0,136717700.0,2026-09-30T12:51:05+08:00,GOOD
6024,群益期,60.3,0.17,107.0,6450400.0,2026-09-30T12:51:05+08:00,GOOD
6108,競國,25.05,2.66,1699.0,42471300.0,2026-09-30T12:51:05+08:00,GOOD
6112,邁達特,47.9,1.16,893.0,42441150.0,2026-09-30T12:51:05+08:00,GOOD
6115,鎰勝,44.0,0.0,90.0,3957400.0,2026-09-30T12:51:05+08:00,GOOD
6116,彩晶,16.35,9.73,152373.0,2450824050.0,2026-09-30T12:51:05+08:00,GOOD
6117,迎廣,62.2,0.81,143.0,8926100.0,2026-09-30T12:51:05+08:00,GOOD
6120,達運,14.35,9.96,12546.0,178663800.0,2026-09-30T12:51:05+08:00,GOOD
6128,上福,19.3,1.05,38.0,730650.0,2026-09-30T12:51:05+08:00,GOOD
6133,金橋,29.75,4.39,17191.0,501208850.0,2026-09-30T12:51:05+08:00,GOOD
6136,富爾特,25.05,0.4,114.0,2850750.0,2026-09-30T12:51:05+08:00,GOOD
6139,亞翔,760.0,3.83,2687.0,2023894000.0,2026-09-30T12:51:05+08:00,GOOD
6141,柏承,52.0,-1.7,1368.0,71856400.0,2026-09-30T12:51:05+08:00,GOOD
6142,友勁,9.45,4.3,1150.0,10821730.0,2026-09-30T12:51:05+08:00,GOOD
6152,百一,15.2,0.66,619.0,9394750.0,2026-09-30T12:51:05+08:00,GOOD
6153,嘉聯益,18.1,2.55,3222.0,58197250.0,2026-09-30T12:51:05+08:00,GOOD
6155,鈞寶,63.2,-1.25,3079.0,197173900.0,2026-09-30T12:51:05+08:00,GOOD
6164,華興,12.55,1.21,448.0,5618050.0,2026-09-30T12:51:05+08:00,GOOD
6165,浪凡,50.0,2.35,291.0,14519750.0,2026-09-30T12:51:05+08:00,GOOD
6166,凌華,134.5,-0.37,2003.0,272001000.0,2026-09-30T12:51:05+08:00,GOOD
6168,宏齊,45.2,0.11,5682.0,261030400.0,2026-09-30T12:51:05+08:00,GOOD
6176,瑞儀,91.5,1.44,720.0,65670700.0,2026-09-30T12:51:05+08:00,GOOD
6177,達麗,46.6,0.76,462.0,21498800.0,2026-09-30T12:51:05+08:00,GOOD
6183,關貿,91.0,0.55,8.0,732000.0,2026-09-30T12:51:05+08:00,GOOD
6184,大豐電,40.3,0.5,22.0,883950.0,2026-09-30T12:51:05+08:00,GOOD
6189,豐藝,50.0,-0.4,265.0,13281300.0,2026-09-30T12:51:05+08:00,GOOD
6191,精成科,83.5,0.48,683.0,57061300.0,2026-09-30T12:51:05+08:00,GOOD
6192,巨路,109.5,0.0,70.0,7678000.0,2026-09-30T12:51:05+08:00,GOOD
6196,帆宣,586.0,7.72,2214.0,1279906000.0,2026-09-30T12:51:05+08:00,GOOD
6197,佳必琪,326.0,2.19,1279.0,415350500.0,2026-09-30T12:51:05+08:00,GOOD
6201,亞弘電,44.55,0.79,4.0,178400.0,2026-09-30T12:51:05+08:00,GOOD
6202,盛群,58.7,0.51,874.0,51433000.0,2026-09-30T12:51:05+08:00,GOOD
6205,詮欣,71.4,0.42,1252.0,89681100.0,2026-09-30T12:51:05+08:00,GOOD
6206,飛捷,140.0,-2.1,640.0,90039500.0,2026-09-30T12:51:05+08:00,GOOD
6209,今國光,81.5,0.0,5712.0,466766600.0,2026-09-30T12:51:05+08:00,GOOD
6213,聯茂,631.0,1.77,19613.0,12492862000.0,2026-09-30T12:51:05+08:00,GOOD
6214,精誠,187.0,-1.06,1321.0,245602500.0,2026-09-30T12:51:05+08:00,GOOD
6215,和椿,97.8,0.62,209.0,20453400.0,2026-09-30T12:51:05+08:00,GOOD
6216,居易,19.85,1.79,87.0,1738900.0,2026-09-30T12:51:05+08:00,GOOD
6224,聚鼎,79.3,-2.34,608.0,48712800.0,2026-09-30T12:51:05+08:00,GOOD
6225,天瀚,60.9,9.93,184.0,11168900.0,2026-09-30T12:51:05+08:00,GOOD
6226,光鼎,45.05,-1.1,1811.0,81595900.0,2026-09-30T12:51:05+08:00,GOOD
6230,尼得科超眾,113.0,1.35,25.0,2813500.0,2026-09-30T12:51:05+08:00,GOOD
6235,華孚,39.05,0.51,193.0,7556700.0,2026-09-30T12:51:05+08:00,GOOD
6239,力成,290.0,3.2,12039.0,3504957000.0,2026-09-30T12:51:05+08:00,GOOD
6243,迅杰,39.35,0.9,283.0,11153100.0,2026-09-30T12:51:05+08:00,GOOD
6257,矽格,254.5,7.61,18974.0,4821087500.0,2026-09-30T12:51:05+08:00,GOOD
6269,台郡,66.1,1.85,3912.0,258335800.0,2026-09-30T12:51:05+08:00,GOOD
6271,同欣電,228.5,0.66,1898.0,435079000.0,2026-09-30T12:51:05+08:00,GOOD
6272,驊陞,25.65,0.98,111.0,2862900.0,2026-09-30T12:51:05+08:00,GOOD
6277,宏正,77.0,0.39,87.0,6683600.0,2026-09-30T12:51:05+08:00,GOOD
6278,台表科,219.5,1.62,7205.0,1572908500.0,2026-09-30T12:51:05+08:00,GOOD
6281,全國電,51.0,-0.39,28.0,1426100.0,2026-09-30T12:51:05+08:00,GOOD
6282,康舒,43.6,1.87,6030.0,264047000.0,2026-09-30T12:51:05+08:00,GOOD
6283,淳安,19.4,3.19,103.0,2010700.0,2026-09-30T12:51:05+08:00,GOOD
6285,啟碁,236.0,1.51,1432.0,338601500.0,2026-09-30T12:51:05+08:00,GOOD
6405,悅城,50.1,9.99,445.0,22294500.0,2026-09-30T12:51:05+08:00,GOOD
6409,旭隼,903.0,2.96,156.0,139107000.0,2026-09-30T12:51:05+08:00,GOOD
6412,群電,74.6,0.67,233.0,17395300.0,2026-09-30T12:51:05+08:00,GOOD
6414,樺漢,395.0,-0.75,1723.0,685827000.0,2026-09-30T12:51:05+08:00,GOOD
6415,矽力*-KY,411.5,0.61,1148.0,471758500.0,2026-09-30T12:51:05+08:00,GOOD
6416,瑞祺電通,115.0,-0.86,501.0,57415500.0,2026-09-30T12:51:05+08:00,GOOD
6426,統新,344.5,-2.68,1887.0,666288000.0,2026-09-30T12:51:05+08:00,GOOD
6431,光麗-KY,17.4,-0.85,35.0,607850.0,2026-09-30T12:51:05+08:00,GOOD
6438,迅得,164.5,1.54,1296.0,216239000.0,2026-09-30T12:51:05+08:00,GOOD
6442,光聖,1485.0,-1.0,966.0,1450750000.0,2026-09-30T12:51:05+08:00,GOOD
6443,元晶,28.75,4.55,11345.0,325310300.0,2026-09-30T12:51:05+08:00,GOOD
6446,藥華藥,1220.0,2.09,1155.0,1410665000.0,2026-09-30T12:51:05+08:00,GOOD
6449,鈺邦,210.5,2.43,635.0,134827000.0,2026-09-30T12:51:05+08:00,GOOD
6451,訊芯-KY,422.5,1.44,937.0,393433500.0,2026-09-30T12:51:05+08:00,GOOD
6456,GIS-KY,92.8,3.8,56348.0,5245728000.0,2026-09-30T12:51:05+08:00,GOOD
6464,台數科,76.7,1.19,9.0,689900.0,2026-09-30T12:51:05+08:00,GOOD
6472,保瑞,424.5,0.47,189.0,80254000.0,2026-09-30T12:51:05+08:00,GOOD
6477,安集,35.5,4.11,1955.0,69116450.0,2026-09-30T12:51:05+08:00,GOOD
6491,晶碩,415.0,2.22,350.0,144325500.0,2026-09-30T12:51:05+08:00,GOOD
6504,南六,37.0,-0.54,28.0,1034700.0,2026-09-30T12:51:05+08:00,GOOD
6505,台塑化,97.7,3.61,33710.0,3241680100.0,2026-09-30T12:51:05+08:00,GOOD
6515,穎崴,5985.0,5.46,344.0,2004715000.0,2026-09-30T12:51:05+08:00,GOOD
6525,捷敏-KY,135.0,1.12,398.0,53979500.0,2026-09-30T12:51:05+08:00,GOOD
6526,達發,826.0,1.47,776.0,653331000.0,2026-09-30T12:51:05+08:00,GOOD
6531,愛普*,931.0,0.22,1556.0,1460810000.0,2026-09-30T12:51:05+08:00,GOOD
6533,晶心科,333.5,9.88,9626.0,3083875000.0,2026-09-30T12:51:05+08:00,GOOD
6541,泰福-KY,30.95,3.34,374.0,11604800.0,2026-09-30T12:51:05+08:00,GOOD
6550,北極星藥業-KY,17.9,2.87,1366.0,23644000.0,2026-09-30T12:51:05+08:00,GOOD
6552,易華電,25.1,1.21,49.0,1230000.0,2026-09-30T12:51:05+08:00,GOOD
6558,興能高,25.25,-0.59,274.0,6923600.0,2026-09-30T12:51:05+08:00,GOOD
6573,虹揚-KY,16.2,1.89,144.0,2328100.0,2026-09-30T12:51:05+08:00,GOOD
6579,研揚,158.5,0.63,399.0,63747500.0,2026-09-30T12:51:05+08:00,GOOD
6581,鋼聯,108.5,0.46,7.0,759000.0,2026-09-30T12:51:05+08:00,GOOD
6582,申豐,31.05,0.81,20.0,621300.0,2026-09-30T12:51:05+08:00,GOOD
6585,鼎基,103.5,0.0,102.0,10540500.0,2026-09-30T12:51:05+08:00,GOOD
6589,台康生技,53.6,3.88,762.0,40537900.0,2026-09-30T12:51:05+08:00,GOOD
6591,動力-KY,42.7,-1.16,91.0,3894350.0,2026-09-30T12:51:05+08:00,GOOD
6592,和潤企業,56.8,-0.18,320.0,18227800.0,2026-09-30T12:51:05+08:00,GOOD
6598,ABC-KY,27.0,-0.74,150.0,4059650.0,2026-09-30T12:51:05+08:00,GOOD
6605,帝寶,137.0,-0.72,77.0,10585000.0,2026-09-30T12:51:05+08:00,GOOD
6606,建德工業,24.75,0.0,54.0,1340000.0,2026-09-30T12:51:05+08:00,GOOD
6614,資拓宏宇,35.25,0.28,25.0,885050.0,2026-09-30T12:51:05+08:00,GOOD
6625,必應,73.7,-0.27,40.0,2946100.0,2026-09-30T12:51:05+08:00,GOOD
6641,基士德-KY,16.8,-0.88,8.0,135400.0,2026-09-30T12:51:05+08:00,GOOD
6655,科定,125.0,0.4,2.0,250500.0,2026-09-30T12:51:05+08:00,GOOD
6657,華安,32.8,1.08,65.0,2111050.0,2026-09-30T12:51:05+08:00,GOOD
6658,聯策,179.5,-0.83,293.0,53337500.0,2026-09-30T12:51:05+08:00,GOOD
6666,羅麗芬-KY,45.55,-0.22,17.0,768000.0,2026-09-30T12:51:05+08:00,GOOD
6668,中揚光,47.5,-0.31,1334.0,63547250.0,2026-09-30T12:51:05+08:00,GOOD
6669,緯穎,2105.0,0.24,1112.0,2352600000.0,2026-09-30T12:51:05+08:00,GOOD
6670,復盛應用,272.0,-0.37,123.0,33485000.0,2026-09-30T12:51:05+08:00,GOOD
6671,三能-KY,22.9,0.22,6.0,136450.0,2026-09-30T12:51:05+08:00,GOOD
6672,騰輝電子-KY,369.0,9.99,7985.0,2841881500.0,2026-09-30T12:51:05+08:00,GOOD
6674,鋐寶科技,18.35,0.55,118.0,2161450.0,2026-09-30T12:51:05+08:00,GOOD
6689,伊雲谷,64.5,0.16,126.0,8128600.0,2026-09-30T12:51:05+08:00,GOOD
6691,洋基工程,719.0,9.94,2244.0,1592505000.0,2026-09-30T12:51:05+08:00,GOOD
6695,芯鼎,54.1,0.0,956.0,52248900.0,2026-09-30T12:51:05+08:00,GOOD
6698,旭暉應材,32.85,-3.1,364.0,12030850.0,2026-09-30T12:51:05+08:00,GOOD
6706,惠特,151.0,0.0,3396.0,521858500.0,2026-09-30T12:51:05+08:00,GOOD
6715,嘉基,441.5,-2.32,568.0,253189000.0,2026-09-30T12:51:05+08:00,GOOD
6719,力智,185.5,0.82,393.0,72781500.0,2026-09-30T12:51:05+08:00,GOOD
6722,輝創,32.3,0.0,11.0,356050.0,2026-09-30T12:51:05+08:00,GOOD
6742,澤米,56.3,3.87,1548.0,87886700.0,2026-09-30T12:51:05+08:00,GOOD
6743,安普新,31.85,2.41,473.0,14971100.0,2026-09-30T12:51:05+08:00,GOOD
6753,龍德造船,134.0,1.13,243.0,32429500.0,2026-09-30T12:51:05+08:00,GOOD
6754,匯僑設計,41.7,0.72,11.0,456450.0,2026-09-30T12:51:05+08:00,GOOD
6756,威鋒電子,98.8,0.0,50.0,4947900.0,2026-09-30T12:51:05+08:00,GOOD
6757,台灣虎航,53.9,0.94,761.0,40972200.0,2026-09-30T12:51:05+08:00,GOOD
6768,志強-KY,62.7,0.32,41.0,2569500.0,2026-09-30T12:51:05+08:00,GOOD
6770,力積電,74.2,2.63,81576.0,6034718900.0,2026-09-30T12:51:05+08:00,GOOD
6776,展碁國際,52.8,1.73,57.0,3000700.0,2026-09-30T12:51:05+08:00,GOOD
6781,AES-KY,1020.0,0.99,219.0,223925000.0,2026-09-30T12:51:05+08:00,GOOD
6782,視陽,242.0,3.2,171.0,41006000.0,2026-09-30T12:51:05+08:00,GOOD
6789,采鈺,495.5,3.55,2067.0,1017173000.0,2026-09-30T12:51:05+08:00,GOOD
6790,永豐實,37.6,0.0,33.0,1243350.0,2026-09-30T12:51:05+08:00,GOOD
6792,詠業,58.9,0.0,25.0,1472800.0,2026-09-30T12:51:05+08:00,GOOD
6794,向榮生技,71.8,0.0,14.0,994700.0,2026-09-30T12:51:05+08:00,GOOD
6796,晉弘,52.5,1.55,16.0,838100.0,2026-09-30T12:51:05+08:00,GOOD
6799,來頡,90.6,0.33,256.0,23281500.0,2026-09-30T12:51:05+08:00,GOOD
6805,富世達,2485.0,-1.19,1825.0,4759995000.0,2026-09-30T12:51:05+08:00,GOOD
6807,峰源-KY,32.1,0.63,5.0,158750.0,2026-09-30T12:51:05+08:00,GOOD
6830,汎銓,532.0,-0.19,524.0,281279000.0,2026-09-30T12:51:05+08:00,GOOD
6831,邁科,472.0,-4.07,742.0,357545500.0,2026-09-30T12:51:05+08:00,GOOD
6834,天二科技,110.5,-1.78,1910.0,213911500.0,2026-09-30T12:51:05+08:00,GOOD
6835,圓裕,31.15,0.81,6.0,186500.0,2026-09-30T12:51:05+08:00,GOOD
6838,台新藥,25.95,1.17,107.0,2756050.0,2026-09-30T12:51:05+08:00,GOOD
6861,睿生光電,313.5,10.0,1955.0,599359000.0,2026-09-30T12:51:05+08:00,GOOD
6862,三集瑞-KY,137.5,-0.36,63.0,8709000.0,2026-09-30T12:51:05+08:00,GOOD
6863,永道-KY,95.0,-1.25,92.0,8726600.0,2026-09-30T12:51:05+08:00,GOOD
6869,雲豹能源,71.4,0.71,272.0,19359100.0,2026-09-30T12:51:05+08:00,GOOD
6873,泓德能源,68.0,0.15,112.0,7622900.0,2026-09-30T12:51:05+08:00,GOOD
6885,全福生技,30.75,-0.81,692.0,21322050.0,2026-09-30T12:51:05+08:00,GOOD
6887,寶綠特-KY,38.5,1.05,37.0,1402500.0,2026-09-30T12:51:05+08:00,GOOD
6890,來億-KY,148.5,1.02,44.0,6503000.0,2026-09-30T12:51:05+08:00,GOOD
6901,鑽石投資,16.85,-2.32,5136.0,86862200.0,2026-09-30T12:51:05+08:00,GOOD
6902,GOGOLOOK,157.0,-3.38,425.0,67459500.0,2026-09-30T12:51:05+08:00,GOOD
6906,現觀科,83.5,-0.24,43.0,3604800.0,2026-09-30T12:51:05+08:00,GOOD
6909,創控,42.65,1.67,183.0,7822200.0,2026-09-30T12:51:05+08:00,GOOD
6914,阜爾運通,119.5,0.0,58.0,6927500.0,2026-09-30T12:51:05+08:00,GOOD
6916,華凌,18.7,1.36,31.0,583250.0,2026-09-30T12:51:05+08:00,GOOD
6918,愛派司,74.0,0.0,8.0,593100.0,2026-09-30T12:51:05+08:00,GOOD
6919,康霈*,80.1,0.75,3818.0,305748600.0,2026-09-30T12:51:05+08:00,GOOD
6923,中台,75.2,0.53,34.0,2555000.0,2026-09-30T12:51:05+08:00,GOOD
6928,攸泰科技,45.6,0.22,35.0,1598550.0,2026-09-30T12:51:05+08:00,GOOD
6931,青松健康,38.85,0.26,19.0,739500.0,2026-09-30T12:51:05+08:00,GOOD
6933,AMAX-KY,374.0,-1.06,1884.0,718282000.0,2026-09-30T12:51:05+08:00,GOOD
6934,心誠鎂,75.8,-0.39,42.0,3161100.0,2026-09-30T12:51:05+08:00,GOOD
6936,永鴻生技,31.7,0.0,13.0,413050.0,2026-09-30T12:51:05+08:00,GOOD
6937,天虹,310.0,0.65,598.0,185860000.0,2026-09-30T12:51:05+08:00,GOOD
6944,兆聯實業,777.0,0.13,325.0,254577000.0,2026-09-30T12:51:05+08:00,GOOD
6947,台鎔科技,68.2,1.49,179.0,12178100.0,2026-09-30T12:51:05+08:00,GOOD
6952,大武山,38.8,0.0,2.0,77600.0,2026-09-30T12:51:05+08:00,GOOD
6957,裕慶-KY,371.0,9.93,294.0,108279500.0,2026-09-30T12:51:05+08:00,GOOD
6958,日盛台駿,17.3,1.47,13.0,224900.0,2026-09-30T12:51:05+08:00,GOOD
6962,奕力-KY,32.55,2.2,1725.0,55809000.0,2026-09-30T12:51:05+08:00,GOOD
6965,中傑-KY,62.5,-3.55,150.0,9513200.0,2026-09-30T12:51:05+08:00,GOOD
6994,富威電力,26.4,-0.75,515.0,13494200.0,2026-09-30T12:51:05+08:00,GOOD
7689,大鵬科CLMX,161.0,1.58,61.0,9772000.0,2026-09-30T12:51:05+08:00,GOOD
7705,三商餐飲,29.8,0.17,32.0,951150.0,2026-09-30T12:51:05+08:00,GOOD
7711,永擎,560.0,2.56,620.0,345417000.0,2026-09-30T12:51:05+08:00,GOOD
7721,微程式,62.1,0.49,27.0,1679600.0,2026-09-30T12:51:05+08:00,GOOD
7722,LINEPAY,259.0,0.39,24.0,6213500.0,2026-09-30T12:51:05+08:00,GOOD
7732,金興精密,33.5,0.0,1.0,33500.0,2026-09-30T12:51:05+08:00,GOOD
7736,虎山,68.4,0.29,14.0,957300.0,2026-09-30T12:51:05+08:00,GOOD
7749,意騰-KY,395.0,2.33,140.0,54966500.0,2026-09-30T12:51:05+08:00,GOOD
7750,新代,1930.0,-1.53,67.0,130130000.0,2026-09-30T12:51:05+08:00,GOOD
7760,享溫馨,32.55,-2.11,35.0,1140250.0,2026-09-30T12:51:05+08:00,GOOD
7765,中華資安,237.0,0.0,55.0,13023500.0,2026-09-30T12:51:05+08:00,GOOD
7768,頌勝科技,302.0,-0.66,60.0,18284500.0,2026-09-30T12:51:05+08:00,GOOD
7769,鴻勁,5575.0,-0.18,655.0,3613040000.0,2026-09-30T12:51:05+08:00,GOOD
7780,大研生醫*,16.25,1.25,487.0,7860300.0,2026-09-30T12:51:05+08:00,GOOD
7786,東方風能,118.5,0.0,34.0,4030500.0,2026-09-30T12:51:05+08:00,GOOD
7788,松川精密,294.0,2.26,755.0,220161500.0,2026-09-30T12:51:05+08:00,GOOD
7791,皇家可口,55.4,0.0,15.0,829700.0,2026-09-30T12:51:05+08:00,GOOD
7795,長廣,492.0,-0.81,357.0,176777500.0,2026-09-30T12:51:05+08:00,GOOD
7799,禾榮科,539.0,9.89,2071.0,1097511000.0,2026-09-30T12:51:05+08:00,GOOD
7818,溢泰實業,60.0,0.17,54.0,3224000.0,2026-09-30T12:51:05+08:00,GOOD
7821,神數,35.85,-0.69,148.0,5297800.0,2026-09-30T12:51:05+08:00,GOOD
7822,倍利科,1020.0,4.51,349.0,352224000.0,2026-09-30T12:51:05+08:00,GOOD
7855,和運租車,41.35,-0.36,392.0,16224650.0,2026-09-30T12:51:05+08:00,GOOD
8011,台通,16.15,2.22,679.0,10921250.0,2026-09-30T12:51:05+08:00,GOOD
8016,矽創,285.0,0.0,225.0,64145000.0,2026-09-30T12:51:05+08:00,GOOD
8021,尖點,484.5,0.94,560.0,271017500.0,2026-09-30T12:51:05+08:00,GOOD
8028,昇陽半導體,282.0,-2.42,8954.0,2563863500.0,2026-09-30T12:51:05+08:00,GOOD
8033,雷虎,174.5,3.25,2061.0,356730500.0,2026-09-30T12:51:05+08:00,GOOD
8039,台虹,300.5,9.87,30843.0,9000076500.0,2026-09-30T12:51:05+08:00,GOOD
8045,達運光電,53.7,0.56,69.0,3703900.0,2026-09-30T12:51:05+08:00,GOOD
8046,南電,1305.0,2.76,9830.0,12603910000.0,2026-09-30T12:51:05+08:00,GOOD
8070,長華*,50.2,1.01,583.0,29256900.0,2026-09-30T12:51:05+08:00,GOOD
8072,陞泰,27.8,0.0,84.0,2332850.0,2026-09-30T12:51:05+08:00,GOOD
8081,致新,252.5,-1.17,335.0,84826000.0,2026-09-30T12:51:05+08:00,GOOD
8101,華冠,10.5,-1.87,4.0,42100.0,2026-09-30T12:51:05+08:00,GOOD
8103,瀚荃,123.5,5.56,3131.0,376434000.0,2026-09-30T12:51:05+08:00,GOOD
8104,錸寶,32.1,2.23,439.0,14090050.0,2026-09-30T12:51:05+08:00,GOOD
8105,凌巨,15.65,5.03,4398.0,68256950.0,2026-09-30T12:51:05+08:00,GOOD
8110,華東,48.85,0.93,4658.0,226899800.0,2026-09-30T12:51:05+08:00,GOOD
8112,至上,83.0,0.36,2714.0,225195800.0,2026-09-30T12:51:05+08:00,GOOD
8114,振樺電,179.0,0.0,223.0,39927500.0,2026-09-30T12:51:05+08:00,GOOD
8131,福懋科,62.7,1.79,1620.0,101614300.0,2026-09-30T12:51:05+08:00,GOOD
8150,南茂,114.5,9.57,76320.0,8497032000.0,2026-09-30T12:51:05+08:00,GOOD
8163,達方,30.3,0.5,538.0,16310300.0,2026-09-30T12:51:05+08:00,GOOD
8201,無敵,16.05,9.93,1730.0,27450550.0,2026-09-30T12:51:05+08:00,GOOD
8210,勤誠,843.0,-3.88,3477.0,2948323000.0,2026-09-30T12:51:05+08:00,GOOD
8213,志超,34.4,4.88,723.0,24369600.0,2026-09-30T12:51:05+08:00,GOOD
8215,明基材,29.55,5.54,3875.0,114485150.0,2026-09-30T12:51:05+08:00,GOOD
8222,寶一,35.95,1.84,181.0,6444050.0,2026-09-30T12:51:05+08:00,GOOD
8249,菱光,39.2,0.38,190.0,7480150.0,2026-09-30T12:51:05+08:00,GOOD
8261,富鼎,177.5,0.57,881.0,155571500.0,2026-09-30T12:51:05+08:00,GOOD
8271,宇瞻,201.5,1.0,545.0,109584500.0,2026-09-30T12:51:05+08:00,GOOD
8341,日友,74.3,0.0,139.0,10335200.0,2026-09-30T12:51:05+08:00,GOOD
8367,建新國際,40.25,0.5,6.0,241550.0,2026-09-30T12:51:05+08:00,GOOD
8374,羅昇,77.4,1.84,108.0,8352100.0,2026-09-30T12:51:05+08:00,GOOD
8404,百和興業-KY,13.3,1.14,209.0,2777500.0,2026-09-30T12:51:05+08:00,GOOD
8411,福貞-KY,11.65,-2.1,175.0,2042850.0,2026-09-30T12:51:05+08:00,GOOD
8422,可寧衛*,25.95,1.76,2206.0,56771550.0,2026-09-30T12:51:05+08:00,GOOD
8429,金麗-KY,5.9,0.85,229.0,1343990.0,2026-09-30T12:51:05+08:00,GOOD
8438,昶昕,80.0,0.0,310.0,24797200.0,2026-09-30T12:51:05+08:00,GOOD
8442,威宏-KY,45.65,1.9,61.0,2763050.0,2026-09-30T12:51:05+08:00,GOOD
8443,阿瘦,11.05,-0.9,36.0,397900.0,2026-09-30T12:51:05+08:00,GOOD
8454,富邦媒,240.5,1.91,232.0,55682000.0,2026-09-30T12:51:05+08:00,GOOD
8462,柏文,159.5,1.59,17.0,2696000.0,2026-09-30T12:51:05+08:00,GOOD
8463,潤泰材,21.15,0.95,22.0,464750.0,2026-09-30T12:51:05+08:00,GOOD
8464,億豐,368.5,-1.07,170.0,62958000.0,2026-09-30T12:51:05+08:00,GOOD
8466,美吉吉-KY,15.1,-0.98,30.0,451050.0,2026-09-30T12:51:05+08:00,GOOD
8467,波力-KY,88.0,0.0,5.0,442200.0,2026-09-30T12:51:05+08:00,GOOD
8473,山林水,39.75,0.63,329.0,12999950.0,2026-09-30T12:51:05+08:00,GOOD
8476,台境*,20.05,1.01,120.0,2401750.0,2026-09-30T12:51:05+08:00,GOOD
8478,東哥遊艇,140.5,1.08,41.0,5727000.0,2026-09-30T12:51:05+08:00,GOOD
8481,政伸,40.6,-0.25,7.0,284200.0,2026-09-30T12:51:05+08:00,GOOD
8482,商億-KY,48.75,3.61,3.0,144750.0,2026-09-30T12:51:05+08:00,GOOD
8488,吉源-KY,9.86,0.61,10.0,98610.0,2026-09-30T12:51:05+08:00,GOOD
8499,鼎炫-KY,257.0,0.0,10.0,2590000.0,2026-09-30T12:51:05+08:00,GOOD
8926,台汽電,59.1,1.37,1370.0,80307100.0,2026-09-30T12:51:05+08:00,GOOD
8940,新天地,14.95,-0.33,29.0,436050.0,2026-09-30T12:51:05+08:00,GOOD
8996,高力,1595.0,0.63,3995.0,6458610000.0,2026-09-30T12:51:05+08:00,GOOD
9103,美德醫療-DR,4.97,0.2,268.0,1334630.0,2026-09-30T12:51:05+08:00,GOOD
9105,泰金寶-DR,8.54,-1.39,22146.0,192616960.0,2026-09-30T12:51:05+08:00,GOOD
9136,巨騰-DR,9.12,-0.11,150.0,1362270.0,2026-09-30T12:51:05+08:00,GOOD
9802,鈺齊-KY,64.5,-0.31,388.0,25053900.0,2026-09-30T12:51:05+08:00,GOOD
9902,台火,13.25,1.53,54.0,714500.0,2026-09-30T12:51:05+08:00,GOOD
9904,寶成,24.85,0.2,5211.0,129524600.0,2026-09-30T12:51:05+08:00,GOOD
9905,大華,21.3,0.47,75.0,1595050.0,2026-09-30T12:51:05+08:00,GOOD
9906,欣巴巴,39.8,1.27,4.0,159000.0,2026-09-30T12:51:05+08:00,GOOD
9907,統一實,14.95,1.7,808.0,12046850.0,2026-09-30T12:51:05+08:00,GOOD
9908,大台北,28.95,0.17,76.0,2200950.0,2026-09-30T12:51:05+08:00,GOOD
9910,豐泰,69.1,0.0,325.0,22427900.0,2026-09-30T12:51:05+08:00,GOOD
9911,櫻花,81.6,0.0,111.0,9058400.0,2026-09-30T12:51:05+08:00,GOOD
9912,偉聯,13.0,0.39,10.0,130150.0,2026-09-30T12:51:05+08:00,GOOD
9914,美利達,68.0,1.34,1508.0,101826300.0,2026-09-30T12:51:05+08:00,GOOD
9917,中保科,105.5,0.0,216.0,22868500.0,2026-09-30T12:51:05+08:00,GOOD
9918,欣天然,43.1,1.41,6.0,258000.0,2026-09-30T12:51:05+08:00,GOOD
9919,康那香,13.75,0.36,147.0,2019400.0,2026-09-30T12:51:05+08:00,GOOD
9921,巨大,93.1,-1.06,787.0,73755600.0,2026-09-30T12:51:05+08:00,GOOD
9924,福興,38.2,1.19,84.0,3207000.0,2026-09-30T12:51:05+08:00,GOOD
9925,新保,39.5,0.13,329.0,12985150.0,2026-09-30T12:51:05+08:00,GOOD
9926,新海,48.75,-0.1,17.0,830900.0,2026-09-30T12:51:05+08:00,GOOD
9927,泰銘,70.4,0.72,471.0,33135800.0,2026-09-30T12:51:05+08:00,GOOD
9928,中視,17.7,-0.56,14.0,248200.0,2026-09-30T12:51:05+08:00,GOOD
9929,秋雨,11.1,1.83,11.0,122550.0,2026-09-30T12:51:05+08:00,GOOD
9930,中聯資源,60.2,0.0,90.0,5418600.0,2026-09-30T12:51:05+08:00,GOOD
9931,欣高,34.0,0.89,8.0,271900.0,2026-09-30T12:51:05+08:00,GOOD
9933,中鼎,40.6,0.62,984.0,39901650.0,2026-09-30T12:51:05+08:00,GOOD
9934,成霖,9.87,0.2,351.0,3467820.0,2026-09-30T12:51:05+08:00,GOOD
9935,慶豐富,18.3,0.55,69.0,1260950.0,2026-09-30T12:51:05+08:00,GOOD
9937,全國,54.4,0.55,11.0,597700.0,2026-09-30T12:51:05+08:00,GOOD
9938,百和,38.25,0.13,301.0,11498250.0,2026-09-30T12:51:05+08:00,GOOD
9939,宏全,125.0,0.4,549.0,68260500.0,2026-09-30T12:51:05+08:00,GOOD
9940,信義,20.05,0.75,103.0,2060800.0,2026-09-30T12:51:05+08:00,GOOD
9941,裕融,78.3,0.0,566.0,44268800.0,2026-09-30T12:51:05+08:00,GOOD
9942,茂順,114.5,1.33,32.0,3659500.0,2026-09-30T12:51:05+08:00,GOOD
9943,好樂迪,50.2,0.0,54.0,2710900.0,2026-09-30T12:51:05+08:00,GOOD
9944,新麗,17.2,0.58,26.0,445350.0,2026-09-30T12:51:05+08:00,GOOD
9945,潤泰新,29.55,1.72,3159.0,93390800.0,2026-09-30T12:51:05+08:00,GOOD
9946,三發地產,17.0,0.89,150.0,2540600.0,2026-09-30T12:51:05+08:00,GOOD
9955,佳龍,23.0,1.32,141.0,3224100.0,2026-09-30T12:51:05+08:00,GOOD
9958,世紀鋼,92.8,0.76,542.0,50355400.0,2026-09-30T12:51:05+08:00,GOOD
