sector,sector_kind,sector_id,membership_source,as_of,member_count,expected_member_count,present_ratio,valid_change_count,advancers,decliners,unchanged,advance_ratio,mean_change_pct,relative_to_market_pct,strength_state,relative_strength_label,leader_symbols,recall_leader_symbols,recall_eligible,recall_reasons,status,data_quality,leader1_symbol,leader2_symbol,leader1_5m_return,leader2_5m_return,leader1_15m_return,leader2_15m_return,leader1_vs_market,leader2_vs_market,leader_alignment,leader_return_source,leader_health_quality,leader_health_reason,leader1_distance_from_high,leader2_distance_from_high,sector_breadth_pct
10,OFFICIAL_INDUSTRY,OFFICIAL_INDUSTRY:10,TWSE_T187AP03_L,2026-09-29T11:20:10+08:00,31,,,31,22,8,1,0.709677,1.290323,2.100323,LEADING,STRONG_OUTPERFORM,2030|2032|2034,2030|2032|2034,True,,GOOD,GOOD,2030,2032,,,0.0,0.767263,10.68,7.01,BOTH_STRONG,SNAPSHOT_RETURN,GOOD,,,,70.9677
26,OFFICIAL_INDUSTRY,OFFICIAL_INDUSTRY:26,TWSE_T187AP03_L,2026-09-29T11:20:10+08:00,68,,,68,46,16,6,0.676471,1.201618,2.011618,LEADING,STRONG_OUTPERFORM,6456|5234|3543,6456|5234|3543,True,,GOOD,GOOD,6456,5234,,,0.0,0.0,10.77,10.71,BOTH_STRONG,SNAPSHOT_RETURN,GOOD,,,,67.6471
23,OFFICIAL_INDUSTRY,OFFICIAL_INDUSTRY:23,TWSE_T187AP03_L,2026-09-29T11:20:10+08:00,7,,,7,3,2,2,0.428571,1.304286,2.114286,MIXED,STRONG_OUTPERFORM,6505,6505,False,ADVANCE_RATIO_BELOW_THRESHOLD,GOOD,GOOD,6505,,,,0.0,,9.75,,,SNAPSHOT_RETURN,,TWO_VALID_LEADERS_REQUIRED,,,42.8571
21,OFFICIAL_INDUSTRY,OFFICIAL_INDUSTRY:21,TWSE_T187AP03_L,2026-09-29T11:20:10+08:00,28,,,28,14,11,3,0.5,0.813214,1.623214,POSITIVE,STRONG_OUTPERFORM,4739|1711|4770,4739|1711|4770,False,ADVANCE_RATIO_BELOW_THRESHOLD,GOOD,GOOD,4739,1711,,,0.119617,0.0,6.09,4.18,BOTH_STRONG,SNAPSHOT_RETURN,GOOD,,,,50.0
91,OFFICIAL_INDUSTRY,OFFICIAL_INDUSTRY:91,TWSE_T187AP03_L,2026-09-29T11:20:10+08:00,4,,,4,2,1,1,0.5,0.7375,1.5475,,STRONG_OUTPERFORM,,,False,SECTOR_DATA_QUALITY_GATE|ADVANCE_RATIO_BELOW_THRESHOLD|NO_LIQUID_OUTPERFORMING_LEADER,DEGRADED,DEGRADED,,,,,,,,,,SNAPSHOT_RETURN,,TWO_VALID_LEADERS_REQUIRED,,,50.0
37,OFFICIAL_INDUSTRY,OFFICIAL_INDUSTRY:37,TWSE_T187AP03_L,2026-09-29T11:20:10+08:00,17,,,17,10,5,2,0.588235,0.488235,1.298235,POSITIVE,OUTPERFORM,9904,,False,NO_LIQUID_OUTPERFORMING_LEADER,GOOD,GOOD,9904,,,,-0.200401,,0.61,,,SNAPSHOT_RETURN,,TWO_VALID_LEADERS_REQUIRED,,,58.8235
24,OFFICIAL_INDUSTRY,OFFICIAL_INDUSTRY:24,TWSE_T187AP03_L,2026-09-29T11:20:10+08:00,91,,,91,45,34,12,0.494505,0.402527,1.212527,MIXED,OUTPERFORM,6533|3094|2340,6533|3094|2340,False,ADVANCE_RATIO_BELOW_THRESHOLD,GOOD,GOOD,6533,3094,,,0.0,0.0,10.77,10.75,BOTH_STRONG,SNAPSHOT_RETURN,GOOD,,,,49.4505
12,OFFICIAL_INDUSTRY,OFFICIAL_INDUSTRY:12,TWSE_T187AP03_L,2026-09-29T11:20:10+08:00,36,,,36,15,18,3,0.416667,0.388611,1.198611,MIXED,OUTPERFORM,3717|2236,3717,False,ADVANCE_RATIO_BELOW_THRESHOLD,GOOD,GOOD,3717,2236,,,0.0,0.0,10.67,-0.12,MIXED,SNAPSHOT_RETURN,GOOD,,,,41.6667
06,OFFICIAL_INDUSTRY,OFFICIAL_INDUSTRY:06,TWSE_T187AP03_L,2026-09-29T11:20:10+08:00,16,,,16,6,10,0,0.375,0.37,1.18,MIXED,OUTPERFORM,1605,,False,ADVANCE_RATIO_BELOW_THRESHOLD|NO_LIQUID_OUTPERFORMING_LEADER,GOOD,GOOD,1605,,,,0.0,,0.13,,,SNAPSHOT_RETURN,,TWO_VALID_LEADERS_REQUIRED,,,37.5
05,OFFICIAL_INDUSTRY,OFFICIAL_INDUSTRY:05,TWSE_T187AP03_L,2026-09-29T11:20:10+08:00,46,,,46,23,21,2,0.5,0.348478,1.158478,POSITIVE,OUTPERFORM,1597|4576|8996,1597|4576|8996,False,ADVANCE_RATIO_BELOW_THRESHOLD,GOOD,GOOD,1597,4576,,,0.70922,-0.210526,7.18,6.14,BOTH_STRONG,SNAPSHOT_RETURN,GOOD,,,,50.0
35,OFFICIAL_INDUSTRY,OFFICIAL_INDUSTRY:35,TWSE_T187AP03_L,2026-09-29T11:20:10+08:00,20,,,20,9,7,4,0.45,0.3365,1.1465,MIXED,OUTPERFORM,6944,6944,False,ADVANCE_RATIO_BELOW_THRESHOLD,GOOD,GOOD,6944,,,,-0.511509,,3.18,,,SNAPSHOT_RETURN,,TWO_VALID_LEADERS_REQUIRED,,,45.0
03,OFFICIAL_INDUSTRY,OFFICIAL_INDUSTRY:03,TWSE_T187AP03_L,2026-09-29T11:20:10+08:00,20,,,20,10,7,3,0.5,0.2785,1.0885,POSITIVE,OUTPERFORM,1303|1326|1301,1303|1326|1301,False,ADVANCE_RATIO_BELOW_THRESHOLD|AVERAGE_RETURN_BELOW_THRESHOLD,GOOD,GOOD,1303,1326,,,0.413223,0.0,2.91,2.45,BOTH_STRONG,SNAPSHOT_RETURN,GOOD,,,,50.0
25,OFFICIAL_INDUSTRY,OFFICIAL_INDUSTRY:25,TWSE_T187AP03_L,2026-09-29T11:20:10+08:00,63,,,63,29,28,6,0.460317,0.254127,1.064127,MIXED,OUTPERFORM,6414|2305|2399,6414|2305|2399,False,ADVANCE_RATIO_BELOW_THRESHOLD|AVERAGE_RETURN_BELOW_THRESHOLD,GOOD,GOOD,6414,2305,,,0.0,-0.895522,7.36,6.53,BOTH_STRONG,SNAPSHOT_RETURN,GOOD,,,,46.0317
31,OFFICIAL_INDUSTRY,OFFICIAL_INDUSTRY:31,TWSE_T187AP03_L,2026-09-29T11:20:10+08:00,45,,,45,20,23,2,0.444444,0.207556,1.017556,MIXED,OUTPERFORM,3518|3665|6438,3518|3665|6438,False,ADVANCE_RATIO_BELOW_THRESHOLD|AVERAGE_RETURN_BELOW_THRESHOLD,GOOD,GOOD,3518,3665,,,0.0,0.0,10.81,3.8,BOTH_STRONG,SNAPSHOT_RETURN,GOOD,,,,44.4444
20,OFFICIAL_INDUSTRY,OFFICIAL_INDUSTRY:20,TWSE_T187AP03_L,2026-09-29T11:20:10+08:00,50,,,50,17,28,5,0.34,0.0932,0.9032,MIXED,OUTPERFORM,6957|8033|5871,6957|8033|5871,False,ADVANCE_RATIO_BELOW_THRESHOLD|AVERAGE_RETURN_BELOW_THRESHOLD,GOOD,GOOD,6957,8033,,,0.0,0.0,10.74,1.7,BOTH_STRONG,SNAPSHOT_RETURN,GOOD,,,,34.0
22,OFFICIAL_INDUSTRY,OFFICIAL_INDUSTRY:22,TWSE_T187AP03_L,2026-09-29T11:20:10+08:00,53,,,53,23,21,9,0.433962,-0.001698,0.808302,MIXED,OUTPERFORM,6446|6861|6919,6446,False,ADVANCE_RATIO_BELOW_THRESHOLD|AVERAGE_RETURN_BELOW_THRESHOLD,GOOD,GOOD,6446,6861,,,-0.41841,-0.178571,3.84,0.81,MIXED,SNAPSHOT_RETURN,GOOD,,,,43.3962
02,OFFICIAL_INDUSTRY,OFFICIAL_INDUSTRY:02,TWSE_T187AP03_L,2026-09-29T11:20:10+08:00,24,,,24,7,11,6,0.291667,-0.059167,0.750833,MIXED,OUTPERFORM,,,False,ADVANCE_RATIO_BELOW_THRESHOLD|AVERAGE_RETURN_BELOW_THRESHOLD|NO_LIQUID_OUTPERFORMING_LEADER,GOOD,GOOD,,,,,,,,,,SNAPSHOT_RETURN,,TWO_VALID_LEADERS_REQUIRED,,,29.1667
29,OFFICIAL_INDUSTRY,OFFICIAL_INDUSTRY:29,TWSE_T187AP03_L,2026-09-29T11:20:10+08:00,21,,,21,10,11,0,0.47619,-0.114286,0.695714,MIXED,OUTPERFORM,3055|2347|3036,3055|2347,False,ADVANCE_RATIO_BELOW_THRESHOLD|AVERAGE_RETURN_BELOW_THRESHOLD,GOOD,GOOD,3055,2347,,,-0.987654,-0.105152,1.56,1.34,BOTH_STRONG,SNAPSHOT_RETURN,GOOD,,,,47.619
28,OFFICIAL_INDUSTRY,OFFICIAL_INDUSTRY:28,TWSE_T187AP03_L,2026-09-29T11:20:10+08:00,103,,,103,35,58,10,0.339806,-0.119806,0.690194,MIXED,OUTPERFORM,6133|2484|6155,6133|2484|6155,False,ADVANCE_RATIO_BELOW_THRESHOLD|AVERAGE_RETURN_BELOW_THRESHOLD,GOOD,GOOD,6133,2484,,,0.175747,0.129366,10.64,7.13,BOTH_STRONG,SNAPSHOT_RETURN,GOOD,,,,33.9806
04,OFFICIAL_INDUSTRY,OFFICIAL_INDUSTRY:04,TWSE_T187AP03_L,2026-09-29T11:20:10+08:00,41,,,41,11,20,10,0.268293,-0.126098,0.683902,MIXED,OUTPERFORM,1476,,False,ADVANCE_RATIO_BELOW_THRESHOLD|AVERAGE_RETURN_BELOW_THRESHOLD|NO_LIQUID_OUTPERFORMING_LEADER,GOOD,GOOD,1476,,,,0.0,,0.09,,,SNAPSHOT_RETURN,,TWO_VALID_LEADERS_REQUIRED,,,26.8293
17,OFFICIAL_INDUSTRY,OFFICIAL_INDUSTRY:17,TWSE_T187AP03_L,2026-09-29T11:20:10+08:00,31,,,31,6,21,4,0.193548,-0.158065,0.651935,MIXED,OUTPERFORM,2882|2881|2891,2882|2881|2891,False,ADVANCE_RATIO_BELOW_THRESHOLD|AVERAGE_RETURN_BELOW_THRESHOLD,GOOD,GOOD,2882,2881,,,0.0,-0.326797,2.62,2.48,BOTH_STRONG,SNAPSHOT_RETURN,GOOD,,,,19.3548
18,OFFICIAL_INDUSTRY,OFFICIAL_INDUSTRY:18,TWSE_T187AP03_L,2026-09-29T11:20:10+08:00,15,,,15,3,9,3,0.2,-0.218667,0.591333,MIXED,OUTPERFORM,2912,,False,ADVANCE_RATIO_BELOW_THRESHOLD|AVERAGE_RETURN_BELOW_THRESHOLD|NO_LIQUID_OUTPERFORMING_LEADER,GOOD,GOOD,2912,,,,0.235849,,0.81,,,SNAPSHOT_RETURN,,TWO_VALID_LEADERS_REQUIRED,,,20.0
38,OFFICIAL_INDUSTRY,OFFICIAL_INDUSTRY:38,TWSE_T187AP03_L,2026-09-29T11:20:10+08:00,10,,,10,4,5,1,0.4,-0.225,0.585,MIXED,OUTPERFORM,,,False,ADVANCE_RATIO_BELOW_THRESHOLD|AVERAGE_RETURN_BELOW_THRESHOLD|NO_LIQUID_OUTPERFORMING_LEADER,GOOD,GOOD,,,,,,,,,,SNAPSHOT_RETURN,,TWO_VALID_LEADERS_REQUIRED,,,40.0
09,OFFICIAL_INDUSTRY,OFFICIAL_INDUSTRY:09,TWSE_T187AP03_L,2026-09-29T11:20:10+08:00,7,,,7,2,3,2,0.285714,-0.278571,0.531429,MIXED,OUTPERFORM,,,False,ADVANCE_RATIO_BELOW_THRESHOLD|AVERAGE_RETURN_BELOW_THRESHOLD|NO_LIQUID_OUTPERFORMING_LEADER,GOOD,GOOD,,,,,,,,,,SNAPSHOT_RETURN,,TWO_VALID_LEADERS_REQUIRED,,,28.5714
16,OFFICIAL_INDUSTRY,OFFICIAL_INDUSTRY:16,TWSE_T187AP03_L,2026-09-29T11:20:10+08:00,19,,,19,3,12,4,0.157895,-0.286316,0.523684,MIXED,OUTPERFORM,,,False,ADVANCE_RATIO_BELOW_THRESHOLD|AVERAGE_RETURN_BELOW_THRESHOLD|NO_LIQUID_OUTPERFORMING_LEADER,GOOD,GOOD,,,,,,,,,,SNAPSHOT_RETURN,,TWO_VALID_LEADERS_REQUIRED,,,15.7895
27,OFFICIAL_INDUSTRY,OFFICIAL_INDUSTRY:27,TWSE_T187AP03_L,2026-09-29T11:20:10+08:00,45,,,45,18,20,7,0.4,-0.367556,0.442444,MIXED,INLINE,4906|4977|2498,4906,False,ADVANCE_RATIO_BELOW_THRESHOLD|AVERAGE_RETURN_BELOW_THRESHOLD,GOOD,GOOD,4906,4977,,,0.255428,0.0,5.06,0.81,MIXED,SNAPSHOT_RETURN,GOOD,,,,40.0
14,OFFICIAL_INDUSTRY,OFFICIAL_INDUSTRY:14,TWSE_T187AP03_L,2026-09-29T11:20:10+08:00,53,,,53,13,33,7,0.245283,-0.371321,0.438679,MIXED,INLINE,2542,,False,ADVANCE_RATIO_BELOW_THRESHOLD|AVERAGE_RETURN_BELOW_THRESHOLD|NO_LIQUID_OUTPERFORMING_LEADER,GOOD,GOOD,2542,,,,-0.256739,,-0.84,,,SNAPSHOT_RETURN,,TWO_VALID_LEADERS_REQUIRED,,,24.5283
01,OFFICIAL_INDUSTRY,OFFICIAL_INDUSTRY:01,TWSE_T187AP03_L,2026-09-29T11:20:10+08:00,7,,,7,2,3,2,0.285714,-0.4,0.41,MIXED,INLINE,1101|1102,,False,ADVANCE_RATIO_BELOW_THRESHOLD|AVERAGE_RETURN_BELOW_THRESHOLD|NO_LIQUID_OUTPERFORMING_LEADER,GOOD,GOOD,1101,1102,,,0.0,0.14245,0.41,-0.73,MIXED,SNAPSHOT_RETURN,GOOD,,,,28.5714
11,OFFICIAL_INDUSTRY,OFFICIAL_INDUSTRY:11,TWSE_T187AP03_L,2026-09-29T11:20:10+08:00,11,,,11,4,7,0,0.363636,-0.435455,0.374545,MIXED,INLINE,,,False,ADVANCE_RATIO_BELOW_THRESHOLD|AVERAGE_RETURN_BELOW_THRESHOLD|NO_LIQUID_OUTPERFORMING_LEADER,GOOD,GOOD,,,,,,,,,,SNAPSHOT_RETURN,,TWO_VALID_LEADERS_REQUIRED,,,36.3636
08,OFFICIAL_INDUSTRY,OFFICIAL_INDUSTRY:08,TWSE_T187AP03_L,2026-09-29T11:20:10+08:00,5,,,5,1,4,0,0.2,-0.5,0.31,MIXED,INLINE,1809|1802,,False,ADVANCE_RATIO_BELOW_THRESHOLD|AVERAGE_RETURN_BELOW_THRESHOLD|NO_LIQUID_OUTPERFORMING_LEADER,GOOD,GOOD,1809,1802,,,0.223464,0.0,-0.29,-0.39,MIXED,SNAPSHOT_RETURN,GOOD,,,,20.0
30,OFFICIAL_INDUSTRY,OFFICIAL_INDUSTRY:30,TWSE_T187AP03_L,2026-09-29T11:20:10+08:00,11,,,11,1,10,0,0.090909,-0.727273,0.082727,MIXED,INLINE,3029,,False,ADVANCE_RATIO_BELOW_THRESHOLD|AVERAGE_RETURN_BELOW_THRESHOLD|NO_LIQUID_OUTPERFORMING_LEADER,GOOD,GOOD,3029,,,,0.429185,,-1.69,,,SNAPSHOT_RETURN,,TWO_VALID_LEADERS_REQUIRED,,,9.0909
15,OFFICIAL_INDUSTRY,OFFICIAL_INDUSTRY:15,TWSE_T187AP03_L,2026-09-29T11:20:10+08:00,27,,,27,3,24,0,0.111111,-1.254815,-0.444815,MIXED,INLINE,2634|2618|2603,2634,False,ADVANCE_RATIO_BELOW_THRESHOLD|AVERAGE_RETURN_BELOW_THRESHOLD|RELATIVE_RETURN_BELOW_THRESHOLD,GOOD,GOOD,2634,2618,,,0.0,0.0,1.29,-0.02,MIXED,SNAPSHOT_RETURN,GOOD,,,,11.1111
36,OFFICIAL_INDUSTRY,OFFICIAL_INDUSTRY:36,TWSE_T187AP03_L,2026-09-29T11:20:10+08:00,10,,,10,2,7,1,0.2,-1.29,-0.48,MIXED,INLINE,,,False,ADVANCE_RATIO_BELOW_THRESHOLD|AVERAGE_RETURN_BELOW_THRESHOLD|RELATIVE_RETURN_BELOW_THRESHOLD|NO_LIQUID_OUTPERFORMING_LEADER,GOOD,GOOD,,,,,,,,,,SNAPSHOT_RETURN,,TWO_VALID_LEADERS_REQUIRED,,,20.0
貨櫃航運,CURATED_GROUP,CONTAINER_SHIPPING,CURATED_VERSIONED_GROUP:TSE_CURATED_GROUPS_V1,2026-09-29T11:20:10+08:00,3,3,1.0,3,0,3,0,0.0,-2.286667,-1.476667,,UNDERPERFORM,2603|2609|2615,,False,ADVANCE_RATIO_BELOW_THRESHOLD|AVERAGE_RETURN_BELOW_THRESHOLD|RELATIVE_RETURN_BELOW_THRESHOLD|NO_LIQUID_OUTPERFORMING_LEADER,GOOD,GOOD,2603,2609,,,-0.208768,0.0,-0.84,-1.37,BOTH_WEAK,SNAPSHOT_RETURN,GOOD,,,,0.0
散裝航運,CURATED_GROUP,DRY_BULK_SHIPPING,CURATED_VERSIONED_GROUP:TSE_CURATED_GROUPS_V1,2026-09-29T11:20:10+08:00,6,6,1.0,6,0,6,0,0.0,-3.125,-2.315,,STRONG_UNDERPERFORM,2605|2606|2637,,False,ADVANCE_RATIO_BELOW_THRESHOLD|AVERAGE_RETURN_BELOW_THRESHOLD|RELATIVE_RETURN_BELOW_THRESHOLD|NO_LIQUID_OUTPERFORMING_LEADER,GOOD,GOOD,2605,2606,,,-0.141044,-0.403769,-2.2,-2.71,BOTH_WEAK,SNAPSHOT_RETURN,GOOD,,,,0.0
航空,CURATED_GROUP,AIRLINES,CURATED_VERSIONED_GROUP:TSE_CURATED_GROUPS_V1,2026-09-29T11:20:10+08:00,3,3,1.0,3,0,3,0,0.0,-0.523333,0.286667,,INLINE,2618,,False,ADVANCE_RATIO_BELOW_THRESHOLD|AVERAGE_RETURN_BELOW_THRESHOLD|NO_LIQUID_OUTPERFORMING_LEADER,GOOD,GOOD,2618,,,,0.0,,-0.02,,,SNAPSHOT_RETURN,,TWO_VALID_LEADERS_REQUIRED,,,0.0
