event_id,run_id,source_run_id,previous_run_id,session_date,entity_type,entity_id,event_type,effective_at,observed_at,from_value,to_value,reason_codes,rule_version,evidence_ref,data_quality,event_quality
0086a80a0de9174ef944e04f0411dc4236df2c5122d8f5f976ed9cc8844b3d34,42612669b6800fb59a006ad636d28602,42612669b6800fb59a006ad636d28602,6b2d62feee371cc74bbd34618866bd84,2026-10-01,SYMBOL,2027,RECALL_EXITED,2026-10-01T09:10:10+08:00,2026-10-01T09:13:14.293267+08:00,"{""rank"":35,""recalled"":true}",False,GOOD_RUN_MEMBERSHIP_CHANGE,scanner_history_v1,run:42612669b6800fb59a006ad636d28602,GOOD,GOOD
0f993a7c322899069c7411b0fa088778e49ea98af9a908ec6b447ee3d14d7395,42612669b6800fb59a006ad636d28602,42612669b6800fb59a006ad636d28602,6b2d62feee371cc74bbd34618866bd84,2026-10-01,SYMBOL,2466,TOP30_ENTERED,2026-10-01T09:10:10+08:00,2026-10-01T09:13:14.293267+08:00,,28,GOOD_RUN_RANK_SET_CHANGE,scanner_history_v1,run:42612669b6800fb59a006ad636d28602,GOOD,GOOD
1758042f0584eca08036efb0dc3670893dc6fde86a41c8dd9de62229725ffe27,42612669b6800fb59a006ad636d28602,42612669b6800fb59a006ad636d28602,6b2d62feee371cc74bbd34618866bd84,2026-10-01,SYMBOL,1605,TOP30_EXITED,2026-10-01T09:10:10+08:00,2026-10-01T09:13:14.293267+08:00,29,,GOOD_RUN_RANK_SET_CHANGE,scanner_history_v1,run:42612669b6800fb59a006ad636d28602,GOOD,GOOD
2cb422f21ac39172c98968b40d49f773154ab960c1dfd723ab982e5e2a21a1fc,42612669b6800fb59a006ad636d28602,42612669b6800fb59a006ad636d28602,6b2d62feee371cc74bbd34618866bd84,2026-10-01,SYMBOL,3533,TOP30_EXITED,2026-10-01T09:10:10+08:00,2026-10-01T09:13:14.293267+08:00,17,,GOOD_RUN_RANK_SET_CHANGE,scanner_history_v1,run:42612669b6800fb59a006ad636d28602,GOOD,GOOD
2f9053e1275e5c96b661789c416f293fc80bb663f69767c3b3fc1762d10ff78d,42612669b6800fb59a006ad636d28602,42612669b6800fb59a006ad636d28602,6b2d62feee371cc74bbd34618866bd84,2026-10-01,SYMBOL,6196,RECALL_ENTERED,2026-10-01T09:10:10+08:00,2026-10-01T09:13:14.293267+08:00,False,"{""rank"":37,""recalled"":true,""sources"":[""INSTITUTIONAL""]}",GOOD_RUN_MEMBERSHIP_CHANGE,scanner_history_v1,run:42612669b6800fb59a006ad636d28602,GOOD,GOOD
395c9cd0111967bf24fcece5d786ad157771dd412713f9b174ac4fdf06210706,42612669b6800fb59a006ad636d28602,42612669b6800fb59a006ad636d28602,6b2d62feee371cc74bbd34618866bd84,2026-10-01,SYMBOL,3518,RECALL_EXITED,2026-10-01T09:10:10+08:00,2026-10-01T09:13:14.293267+08:00,"{""rank"":39,""recalled"":true}",False,GOOD_RUN_MEMBERSHIP_CHANGE,scanner_history_v1,run:42612669b6800fb59a006ad636d28602,GOOD,GOOD
3e4a462f89ac4b3fbf38afc52413eed226dce0fe5fdd2b975e52d896701d832d,42612669b6800fb59a006ad636d28602,42612669b6800fb59a006ad636d28602,6b2d62feee371cc74bbd34618866bd84,2026-10-01,SYMBOL,3036,RECALL_EXITED,2026-10-01T09:10:10+08:00,2026-10-01T09:13:14.293267+08:00,"{""rank"":28,""recalled"":true}",False,GOOD_RUN_MEMBERSHIP_CHANGE,scanner_history_v1,run:42612669b6800fb59a006ad636d28602,GOOD,GOOD
50be285cde9bf0972167770a35878df3b8a01f7f3777e2667573d9e8b6f391af,42612669b6800fb59a006ad636d28602,42612669b6800fb59a006ad636d28602,6b2d62feee371cc74bbd34618866bd84,2026-10-01,SYMBOL,3094,RECALL_EXITED,2026-10-01T09:10:10+08:00,2026-10-01T09:13:14.293267+08:00,"{""rank"":29,""recalled"":true}",False,GOOD_RUN_MEMBERSHIP_CHANGE,scanner_history_v1,run:42612669b6800fb59a006ad636d28602,GOOD,GOOD
59ab48316cb345fa8dc84bd6f0a47f0a170665011be80a1ae0439ae2cb594c37,42612669b6800fb59a006ad636d28602,42612669b6800fb59a006ad636d28602,6b2d62feee371cc74bbd34618866bd84,2026-10-01,SECTOR,OFFICIAL_INDUSTRY:29,SECTOR_RECALL_OFF,2026-10-01T09:10:10+08:00,2026-10-01T09:13:14.293267+08:00,True,False,GOOD_RUN_SECTOR_RECALL_CHANGE,scanner_history_v1,run:42612669b6800fb59a006ad636d28602,GOOD,GOOD
6a54619758f9122c6bcbb5730a1302d7748eb1e538b9a858221a43c22485f3e7,42612669b6800fb59a006ad636d28602,42612669b6800fb59a006ad636d28602,6b2d62feee371cc74bbd34618866bd84,2026-10-01,SYMBOL,1326,RECALL_ENTERED,2026-10-01T09:10:10+08:00,2026-10-01T09:13:14.293267+08:00,False,"{""rank"":43,""recalled"":true,""sources"":[""INSTITUTIONAL""]}",GOOD_RUN_MEMBERSHIP_CHANGE,scanner_history_v1,run:42612669b6800fb59a006ad636d28602,GOOD,GOOD
7886469c1b87a9986e3b3b905c0f517d26d0c1497a02620987dce070d4a74506,42612669b6800fb59a006ad636d28602,42612669b6800fb59a006ad636d28602,6b2d62feee371cc74bbd34618866bd84,2026-10-01,SYMBOL,6805,TOP30_EXITED,2026-10-01T09:10:10+08:00,2026-10-01T09:13:14.293267+08:00,15,,GOOD_RUN_RANK_SET_CHANGE,scanner_history_v1,run:42612669b6800fb59a006ad636d28602,GOOD,GOOD
7d47ad5c9a33cd88b638a3bc57873519e40124f30ea060055a946cdce27efa7e,42612669b6800fb59a006ad636d28602,42612669b6800fb59a006ad636d28602,6b2d62feee371cc74bbd34618866bd84,2026-10-01,SYMBOL,2379,RECALL_ENTERED,2026-10-01T09:10:10+08:00,2026-10-01T09:13:14.293267+08:00,False,"{""rank"":29,""recalled"":true,""sources"":[""INSTITUTIONAL""]}",GOOD_RUN_MEMBERSHIP_CHANGE,scanner_history_v1,run:42612669b6800fb59a006ad636d28602,GOOD,GOOD
7e5d3d9cb9f053df5f23c596ba308922079746108a443f3a6343ddad6ea4b53e,42612669b6800fb59a006ad636d28602,42612669b6800fb59a006ad636d28602,6b2d62feee371cc74bbd34618866bd84,2026-10-01,SYMBOL,2466,RECALL_ENTERED,2026-10-01T09:10:10+08:00,2026-10-01T09:13:14.293267+08:00,False,"{""rank"":39,""recalled"":true,""sources"":[""MARKET""]}",GOOD_RUN_MEMBERSHIP_CHANGE,scanner_history_v1,run:42612669b6800fb59a006ad636d28602,GOOD,GOOD
7e626d4979b6eb79c8289f9d17bd4dcb293a65ae94c8b00c836ee2cecdf567d1,42612669b6800fb59a006ad636d28602,42612669b6800fb59a006ad636d28602,6b2d62feee371cc74bbd34618866bd84,2026-10-01,SYMBOL,3518,TOP30_EXITED,2026-10-01T09:10:10+08:00,2026-10-01T09:13:14.293267+08:00,28,,GOOD_RUN_RANK_SET_CHANGE,scanner_history_v1,run:42612669b6800fb59a006ad636d28602,GOOD,GOOD
91f28f8e235db7c59dab188447a129a241e8763639152f33919dc45514e3e4d8,42612669b6800fb59a006ad636d28602,42612669b6800fb59a006ad636d28602,6b2d62feee371cc74bbd34618866bd84,2026-10-01,SYMBOL,3532,RECALL_ENTERED,2026-10-01T09:10:10+08:00,2026-10-01T09:13:14.293267+08:00,False,"{""rank"":6,""recalled"":true,""sources"":[""MARKET"",""SECTOR""]}",GOOD_RUN_MEMBERSHIP_CHANGE,scanner_history_v1,run:42612669b6800fb59a006ad636d28602,GOOD,GOOD
a113fa7151d2834fad224e988e2ff4c24f10d43c43d5dbc5a23a42ab074ff72b,42612669b6800fb59a006ad636d28602,42612669b6800fb59a006ad636d28602,6b2d62feee371cc74bbd34618866bd84,2026-10-01,SYMBOL,2020,TOP30_EXITED,2026-10-01T09:10:10+08:00,2026-10-01T09:13:14.293267+08:00,25,,GOOD_RUN_RANK_SET_CHANGE,scanner_history_v1,run:42612669b6800fb59a006ad636d28602,GOOD,GOOD
a68bfa3047f5811c0c656686720f9eb2bfe5c445a18387806d310abfa377a0ff,42612669b6800fb59a006ad636d28602,42612669b6800fb59a006ad636d28602,6b2d62feee371cc74bbd34618866bd84,2026-10-01,SYMBOL,6257,TOP30_ENTERED,2026-10-01T09:10:10+08:00,2026-10-01T09:13:14.293267+08:00,,27,GOOD_RUN_RANK_SET_CHANGE,scanner_history_v1,run:42612669b6800fb59a006ad636d28602,GOOD,GOOD
b3854bb53ed627dedfb89c468ea71b8009bef34156de1c54056d5c4c12581f22,42612669b6800fb59a006ad636d28602,42612669b6800fb59a006ad636d28602,6b2d62feee371cc74bbd34618866bd84,2026-10-01,SYMBOL,2303,TOP30_ENTERED,2026-10-01T09:10:10+08:00,2026-10-01T09:13:14.293267+08:00,,19,GOOD_RUN_RANK_SET_CHANGE,scanner_history_v1,run:42612669b6800fb59a006ad636d28602,GOOD,GOOD
b72b6492775208e22c22b6521c82e5bcec2c0afc15e5ee23a51746d4bfdd7e41,42612669b6800fb59a006ad636d28602,42612669b6800fb59a006ad636d28602,6b2d62feee371cc74bbd34618866bd84,2026-10-01,SYMBOL,1605,RECALL_EXITED,2026-10-01T09:10:10+08:00,2026-10-01T09:13:14.293267+08:00,"{""rank"":41,""recalled"":true}",False,GOOD_RUN_MEMBERSHIP_CHANGE,scanner_history_v1,run:42612669b6800fb59a006ad636d28602,GOOD,GOOD
c0e85be2addbb0bd8e710b9b4148dcf1a6c493d81f93dd9a6737f69fb16d7b15,42612669b6800fb59a006ad636d28602,42612669b6800fb59a006ad636d28602,6b2d62feee371cc74bbd34618866bd84,2026-10-01,SYMBOL,6691,RECALL_EXITED,2026-10-01T09:10:10+08:00,2026-10-01T09:13:14.293267+08:00,"{""rank"":40,""recalled"":true}",False,GOOD_RUN_MEMBERSHIP_CHANGE,scanner_history_v1,run:42612669b6800fb59a006ad636d28602,GOOD,GOOD
ce92ce6d843d482bbfc88cc118d7ce6adf3ece7a98562e1643d0177299dbe701,42612669b6800fb59a006ad636d28602,42612669b6800fb59a006ad636d28602,6b2d62feee371cc74bbd34618866bd84,2026-10-01,SECTOR,OFFICIAL_INDUSTRY:10,SECTOR_RECALL_OFF,2026-10-01T09:10:10+08:00,2026-10-01T09:13:14.293267+08:00,True,False,GOOD_RUN_SECTOR_RECALL_CHANGE,scanner_history_v1,run:42612669b6800fb59a006ad636d28602,GOOD,GOOD
daa8ee9bec0126a0dc564fa1e7a8bc612a1a1c0868bd183179768dce8fd2973f,42612669b6800fb59a006ad636d28602,42612669b6800fb59a006ad636d28602,6b2d62feee371cc74bbd34618866bd84,2026-10-01,SYMBOL,3532,TOP30_ENTERED,2026-10-01T09:10:10+08:00,2026-10-01T09:13:14.293267+08:00,,6,GOOD_RUN_RANK_SET_CHANGE,scanner_history_v1,run:42612669b6800fb59a006ad636d28602,GOOD,GOOD
ee02a3b1feb4e7ca73423da3ac01513c2615f9fe58b923c35ed59cd15634ae30,42612669b6800fb59a006ad636d28602,42612669b6800fb59a006ad636d28602,6b2d62feee371cc74bbd34618866bd84,2026-10-01,SYMBOL,3149,RECALL_ENTERED,2026-10-01T09:10:10+08:00,2026-10-01T09:13:14.293267+08:00,False,"{""rank"":33,""recalled"":true,""sources"":[""MARKET""]}",GOOD_RUN_MEMBERSHIP_CHANGE,scanner_history_v1,run:42612669b6800fb59a006ad636d28602,GOOD,GOOD
f11770322ef4175067f3f54204d09d9122e82376930c4f385e2742d760320b8e,42612669b6800fb59a006ad636d28602,42612669b6800fb59a006ad636d28602,6b2d62feee371cc74bbd34618866bd84,2026-10-01,SYMBOL,1326,TOP30_ENTERED,2026-10-01T09:10:10+08:00,2026-10-01T09:13:14.293267+08:00,,30,GOOD_RUN_RANK_SET_CHANGE,scanner_history_v1,run:42612669b6800fb59a006ad636d28602,GOOD,GOOD
