stock_id,stock_name,market,security_type,as_of,price,change_pct,trade_value,trade_volume,sector,scanner_score,scanner_rank,source,data_quality,stale,candidate_rank,pool_sources,discovery_score,ranking_score,stock_quality,timing_grade,entry_window,k5_data_quality,relative_strength_state,sector_recall,recall_reason_codes,first_seen_at,first_recalled_at,first_top30_at,first_top15_at,previous_top30_rank,top30_rank_delta,new_top30_entry,shadow_downside_amplification,shadow_downside_reason_codes,shadow_downside_rule_version,deep_rank,confirmed_5m_only,missing_bar_count,duplicate_count,bar_sequence_complete,calculation_bar_count,session_bar_count,structure_5m,latest_complete_5m_close,vwap,vwap_position,or15_low,or15_high,or15_state,hard_gate_passed,price_advancement,advancement_confidence,confirmed_support,confirmed_support_state,confirmed_support_quality,provisional_support,provisional_support_quality,micro_stop,micro_rr_t1,micro_rr_t2,trial_stop,trial_rr_t1,trial_rr_t2,trial_entry_permission,trial_entry_tier,institutional_as_of,institutional_flow_grade,inst_flow_trend,inst_acceleration,inst_5d_avg_buy_cost,inst_20d_avg_buy_cost,previous_top15_rank,top15_rank_delta,new_top15_entry,support_id,support_source,support_confirmed_at,support_confirm_known_at,support_invalidated_at,rebuild_parent_support_id,support_carried_forward,support_source_run_id,support_carry_reason,observed_support_state,observed_support_quality
3016,嘉晶,TSE,COMMONSTOCK,2026-09-29T12:40:00+08:00,169.0,5.63,10626691000.0,63311.0,OFFICIAL_INDUSTRY:24,34,,FUGLE_MARKETDATA_V1,GOOD,False,3,PRICE_VOLUME|INSTITUTIONAL|SECTOR,102.450152,34,B++,B++,OPEN,GOOD,,True,PRICE_VOLUME|INSTITUTIONAL|SECTOR,2026-09-29T09:05:10+08:00,2026-09-29T09:05:10+08:00,2026-09-29T09:05:10+08:00,,3,0,False,,MARKET_30M:NO_EXACT_30M_GOOD_SAME_DAY_BASELINE|STOCK_30M:NO_EXACT_30M_GOOD_SAME_DAY_BASELINE,SHADOW_DOWNSIDE_AMPLIFICATION_V1,1,True,0,0,True,261,45,RANGE,169.0,167.85,ABOVE,161.5,168.5,ABOVE,True,VERIFIED_FALSE,,168.0,ACTIVE,B,168.0,B,167.0,,,167.0,1.093,2.348,WAIT,WAIT_B,2026-09-24,S,PERSISTENT_BUY,REVERSING,141.66640063671113,134.93557439195857,,,True,376ec95a190eee482cefd946,CONFIRMED_5M_PIVOT_LOW,2026-09-29T12:40:00+08:00,2026-09-29T12:45:00+08:00,,,False,2026-09-29T12:45:15.424296+08:00,,ACTIVE,GOOD
6505,台塑化,TSE,COMMONSTOCK,2026-09-29T12:40:00+08:00,94.6,8.83,3420044500.0,36272.0,OFFICIAL_INDUSTRY:23,32,,FUGLE_MARKETDATA_V1,GOOD,False,16,PRICE_VOLUME,98.174274,32,B++,B,CLOSED,GOOD,,False,PRICE_VOLUME,2026-09-29T09:05:10+08:00,2026-09-29T09:05:10+08:00,2026-09-29T09:05:10+08:00,,15,-1,False,,MARKET_30M:NO_EXACT_30M_GOOD_SAME_DAY_BASELINE|STOCK_30M:NO_EXACT_30M_GOOD_SAME_DAY_BASELINE|SECTOR_ALIGNMENT:TWO_VALID_LEADERS_REQUIRED,SHADOW_DOWNSIDE_AMPLIFICATION_V1,2,True,0,0,True,261,45,RANGE,94.6,94.29,ABOVE,89.9,95.2,INSIDE,True,VERIFIED_FALSE,,93.6,ACTIVE,B,94.4,B,93.4,0.34,0.411,94.2,0.618,0.78,NO,NO,2026-09-24,A,SHORT_TERM_BUY,REVERSING,87.89041923753913,83.87779703558226,,,True,968dd21c7c0cee9907f06d2a,CONFIRMED_5M_PIVOT_LOW,2026-09-29T12:30:00+08:00,2026-09-29T12:35:00+08:00,,,False,2026-09-29T12:45:15.424296+08:00,,ACTIVE,GOOD
6533,晶心科,TSE,COMMONSTOCK,2026-09-29T12:40:00+08:00,303.5,9.96,3120333000.0,10845.0,OFFICIAL_INDUSTRY:24,30,,FUGLE_MARKETDATA_V1,GOOD,False,1,PRICE_VOLUME|INSTITUTIONAL,100.962656,30,B++,,,GOOD,,False,PRICE_VOLUME|INSTITUTIONAL,2026-09-29T09:05:10+08:00,2026-09-29T09:20:10+08:00,2026-09-29T09:20:10+08:00,,1,0,False,,MARKET_30M:NO_EXACT_30M_GOOD_SAME_DAY_BASELINE|STOCK_30M:NO_EXACT_30M_GOOD_SAME_DAY_BASELINE,SHADOW_DOWNSIDE_AMPLIFICATION_V1,3,True,0,0,True,260,45,RANGE,303.5,287.72,ABOVE,268.0,279.5,ABOVE,True,VERIFIED_FALSE,,275.0,ACTIVE,A,303.5,C,,,,,,,WAIT,WAIT_C,2026-09-24,SS,PERSISTENT_BUY,ACCELERATING,267.87193487599853,266.27660761713634,,,True,f85e794125f9baee9bcfb80e,CONFIRMED_5M_PIVOT_LOW,2026-09-24T11:20:00+08:00,2026-09-24T11:25:00+08:00,,,True,2026-09-24T13:25:18.756248+08:00,CURRENT_SUPPORT_OBSERVATION_UNVERIFIED,,GOOD
1727,中華化,TSE,COMMONSTOCK,2026-09-29T12:40:00+08:00,120.5,3.9,2821714000.0,25280.0,OFFICIAL_INDUSTRY:21,30,,FUGLE_MARKETDATA_V1,GOOD,False,13,PRICE_VOLUME|INSTITUTIONAL|SECTOR,100.53527,30,B++,,,GOOD,,True,PRICE_VOLUME|INSTITUTIONAL|SECTOR,2026-09-29T09:05:10+08:00,2026-09-29T11:55:10+08:00,2026-09-29T11:55:10+08:00,,26,13,False,,MARKET_30M:NO_EXACT_30M_GOOD_SAME_DAY_BASELINE|STOCK_30M:NO_EXACT_30M_GOOD_SAME_DAY_BASELINE,SHADOW_DOWNSIDE_AMPLIFICATION_V1,4,True,0,0,True,261,45,RANGE,120.5,111.61,ABOVE,104.0,113.5,ABOVE,True,VERIFIED_FALSE,,110.0,ACTIVE,B,117.5,C,109.0,,,116.5,0.052,,WAIT,WAIT_C,2026-09-24,S,PERSISTENT_BUY,DECELERATING,109.31062815443273,101.8046080230734,,,True,34c59e359206ed59b50d867e,CONFIRMED_5M_PIVOT_LOW,2026-09-29T10:20:00+08:00,2026-09-29T10:25:00+08:00,,,False,2026-09-29T12:45:15.424296+08:00,,ACTIVE,GOOD
6456,GIS-KY,TSE,COMMONSTOCK,2026-09-29T12:40:00+08:00,89.4,9.96,1638791400.0,18508.0,OFFICIAL_INDUSTRY:26,30,,FUGLE_MARKETDATA_V1,GOOD,False,8,PRICE_VOLUME|INSTITUTIONAL,100.091286,30,B++,,,GOOD,,False,PRICE_VOLUME|INSTITUTIONAL,2026-09-29T09:05:10+08:00,2026-09-29T09:05:10+08:00,2026-09-29T09:05:10+08:00,,8,0,False,,MARKET_30M:NO_EXACT_30M_GOOD_SAME_DAY_BASELINE|STOCK_30M:NO_EXACT_30M_GOOD_SAME_DAY_BASELINE,SHADOW_DOWNSIDE_AMPLIFICATION_V1,5,True,0,0,True,260,45,RANGE,89.4,88.55,ABOVE,84.1,89.4,INSIDE,True,VERIFIED_FALSE,,80.5,ACTIVE,B,89.4,B,,,,,,,WAIT,WAIT_C,2026-09-24,B,MIXED,REVERSING,75.42529428376606,74.3640904287041,,,True,7776c89634976cd4b031efd0,CONFIRMED_5M_PIVOT_LOW,2026-09-24T13:15:00+08:00,2026-09-24T13:20:00+08:00,,,True,2026-09-24T13:20:18.058908+08:00,CURRENT_SUPPORT_OBSERVATION_UNVERIFIED,,GOOD
2340,台亞,TSE,COMMONSTOCK,2026-09-29T12:40:00+08:00,38.0,9.99,564108950.0,15123.0,OFFICIAL_INDUSTRY:24,30,,FUGLE_MARKETDATA_V1,GOOD,False,23,PRICE_VOLUME,95.912863,30,B++,,,GOOD,,False,PRICE_VOLUME,2026-09-29T09:05:10+08:00,2026-09-29T10:30:10+08:00,2026-09-29T10:30:10+08:00,,24,1,False,,MARKET_30M:NO_EXACT_30M_GOOD_SAME_DAY_BASELINE|STOCK_30M:NO_EXACT_30M_GOOD_SAME_DAY_BASELINE,SHADOW_DOWNSIDE_AMPLIFICATION_V1,6,True,0,0,True,260,45,RANGE,38.0,37.3,ABOVE,34.4,36.2,ABOVE,True,VERIFIED_FALSE,,37.8,ACTIVE,B,38.0,C,,,,,,,WAIT,WAIT_C,2026-09-24,S,PERSISTENT_BUY,ACCELERATING,34.04289250636612,33.66111520223843,,,True,9f3400055f17f648358f13b4,CONFIRMED_5M_PIVOT_LOW,2026-09-29T11:45:00+08:00,2026-09-29T11:50:00+08:00,,,False,2026-09-29T12:45:15.424296+08:00,,ACTIVE,GOOD
2020,美亞,TSE,COMMONSTOCK,2026-09-29T12:40:00+08:00,24.3,9.95,123870800.0,5236.0,OFFICIAL_INDUSTRY:10,30,,FUGLE_MARKETDATA_V1,GOOD,False,28,,0.0,30,B++,,,GOOD,,False,,2026-09-29T09:05:10+08:00,2026-09-29T11:30:05+08:00,2026-09-29T11:30:05+08:00,,30,2,False,,MARKET_30M:NO_EXACT_30M_GOOD_SAME_DAY_BASELINE|STOCK_30M:NO_EXACT_30M_GOOD_SAME_DAY_BASELINE,SHADOW_DOWNSIDE_AMPLIFICATION_V1,7,True,0,0,True,389,45,RANGE,24.3,23.66,ABOVE,22.5,23.3,ABOVE,True,VERIFIED_FALSE,,22.95,ACTIVE,B,24.3,C,,,,,,,WAIT,WAIT_C,2026-09-24,A,PERSISTENT_BUY,REVERSING,21.796917037416634,21.804653767022508,,,True,28d851d6dc345d9e827d9d62,CONFIRMED_5M_PIVOT_LOW,2026-09-29T10:25:00+08:00,2026-09-29T10:30:00+08:00,,,False,2026-09-29T12:45:15.424296+08:00,,ACTIVE,GOOD
3042,晶技,TSE,COMMONSTOCK,2026-09-29T12:40:00+08:00,208.5,2.46,6315244000.0,29837.0,OFFICIAL_INDUSTRY:28,24,,FUGLE_MARKETDATA_V1,GOOD,False,22,PRICE_VOLUME|INSTITUTIONAL,96.834025,24,B,B++,CLOSED,GOOD,,False,PRICE_VOLUME|INSTITUTIONAL,2026-09-29T09:05:10+08:00,2026-09-29T09:05:10+08:00,2026-09-29T09:05:10+08:00,,13,-9,False,,MARKET_30M:NO_EXACT_30M_GOOD_SAME_DAY_BASELINE|STOCK_30M:NO_EXACT_30M_GOOD_SAME_DAY_BASELINE,SHADOW_DOWNSIDE_AMPLIFICATION_V1,8,True,0,0,True,261,45,LH_LL,208.0,211.66,BELOW,211.5,222.5,BELOW,True,VERIFIED_FALSE,,207.0,ACTIVE,A,208.0,C,206.0,1.017,1.42,207.0,1.703,3.393,NO,NO,2026-09-24,B,MIXED,ACCELERATING,186.7370934696457,183.5525935605089,,,True,1016fda52437b42b09a3ae5e,CONFIRMED_5M_PIVOT_LOW,2026-09-29T12:25:00+08:00,2026-09-29T12:30:00+08:00,,,False,2026-09-29T12:45:15.424296+08:00,,ACTIVE,GOOD
2342,茂矽,TSE,COMMONSTOCK,2026-09-29T12:40:00+08:00,49.95,3.53,1230821350.0,24108.0,OFFICIAL_INDUSTRY:24,24,,FUGLE_MARKETDATA_V1,GOOD,False,25,PRICE_VOLUME,95.124481,24,B,B++,OPEN,GOOD,,False,PRICE_VOLUME,2026-09-29T09:05:10+08:00,2026-09-29T09:10:10+08:00,2026-09-29T09:15:10+08:00,,,,True,,MARKET_30M:NO_EXACT_30M_GOOD_SAME_DAY_BASELINE|STOCK_30M:NO_EXACT_30M_GOOD_SAME_DAY_BASELINE,SHADOW_DOWNSIDE_AMPLIFICATION_V1,9,True,0,0,True,261,45,LH_LL,49.9,51.06,BELOW,46.85,53.0,INSIDE,True,VERIFIED_FALSE,,49.9,ACTIVE,A,49.9,,49.8,1.786,4.112,49.8,,,NO,NO,2026-09-24,D,PERSISTENT_SELL,REVERSING,41.748199960238885,40.75896205507278,,,True,45159201a922fa47f66269c9,CONFIRMED_5M_PIVOT_LOW,2026-09-29T11:55:00+08:00,2026-09-29T12:00:00+08:00,,,False,2026-09-29T12:45:15.424296+08:00,,ACTIVE,GOOD
4739,康普,TSE,COMMONSTOCK,2026-09-29T12:40:00+08:00,83.6,5.16,131057000.0,1568.0,OFFICIAL_INDUSTRY:21,24,,FUGLE_MARKETDATA_V1,GOOD,False,29,,0.0,24,B,B++,OPEN,GOOD,,False,,2026-09-29T09:05:10+08:00,2026-09-29T10:10:10+08:00,2026-09-29T12:45:05+08:00,,,,True,,MARKET_30M:NO_EXACT_30M_GOOD_SAME_DAY_BASELINE|STOCK_30M:NO_EXACT_30M_GOOD_SAME_DAY_BASELINE,SHADOW_DOWNSIDE_AMPLIFICATION_V1,10,True,0,0,True,249,45,RANGE,83.6,83.58,AT,80.0,82.7,ABOVE,True,VERIFIED_FALSE,,83.4,REBUILT,C,83.4,B,83.2,1.533,2.039,83.2,1.533,2.039,YES,YES_A,2026-09-24,D,SHORT_TERM_SELL,REVERSING,80.59204057203831,82.02840689366626,,,True,92b90973459755cf1821da77,CONFIRMED_5M_PIVOT_LOW,2026-09-29T12:40:00+08:00,2026-09-29T12:45:00+08:00,,7e6c4000b9d5e870f2c8d3b0,False,2026-09-29T12:45:15.424296+08:00,,REBUILT,GOOD
2484,希華,TSE,COMMONSTOCK,2026-09-29T12:40:00+08:00,77.4,6.32,2062195900.0,26802.0,OFFICIAL_INDUSTRY:28,22,,FUGLE_MARKETDATA_V1,GOOD,False,21,PRICE_VOLUME,97.427386,22,B,B,DECAY,GOOD,,False,PRICE_VOLUME,2026-09-29T09:05:10+08:00,2026-09-29T09:05:10+08:00,2026-09-29T09:05:10+08:00,,23,2,False,,MARKET_30M:NO_EXACT_30M_GOOD_SAME_DAY_BASELINE|STOCK_30M:NO_EXACT_30M_GOOD_SAME_DAY_BASELINE,SHADOW_DOWNSIDE_AMPLIFICATION_V1,11,True,0,0,True,261,45,LH_LL,77.5,76.94,ABOVE,74.8,77.5,INSIDE,True,VERIFIED_FALSE,,77.2,ACTIVE,A,77.4,B,76.9,0.413,0.671,77.1,0.555,0.901,WAIT,WAIT_C,2026-09-24,D,SHORT_TERM_SELL,REVERSING,70.39903822232814,72.19555235977509,,,True,e7724417184e58492ac75c12,CONFIRMED_5M_PIVOT_LOW,2026-09-29T11:45:00+08:00,2026-09-29T11:50:00+08:00,,,False,2026-09-29T12:45:15.424296+08:00,,ACTIVE,GOOD
8039,台虹,TSE,COMMONSTOCK,2026-09-29T12:40:00+08:00,270.5,4.64,2956460000.0,11099.0,OFFICIAL_INDUSTRY:28,22,,FUGLE_MARKETDATA_V1,GOOD,False,24,PRICE_VOLUME,97.053942,22,B,B,DECAY,GOOD,,False,PRICE_VOLUME,2026-09-29T09:05:10+08:00,2026-09-29T10:30:10+08:00,2026-09-29T11:35:05+08:00,,25,1,False,,MARKET_30M:NO_EXACT_30M_GOOD_SAME_DAY_BASELINE|STOCK_30M:NO_EXACT_30M_GOOD_SAME_DAY_BASELINE,SHADOW_DOWNSIDE_AMPLIFICATION_V1,12,True,0,0,True,261,45,RANGE,270.5,266.37,ABOVE,256.5,261.5,ABOVE,True,VERIFIED_FALSE,,269.0,ACTIVE,B,269.0,C,268.0,0.121,0.281,268.0,0.121,0.761,WAIT,WAIT_C,2026-09-24,D,SHORT_TERM_SELL,REVERSING,263.7904130505048,282.854614689696,,,True,d002f47469f6cd826e9c721e,CONFIRMED_5M_PIVOT_LOW,2026-09-29T12:40:00+08:00,2026-09-29T12:45:00+08:00,,,False,2026-09-29T12:45:15.424296+08:00,,ACTIVE,GOOD
1711,永光,TSE,COMMONSTOCK,2026-09-29T12:40:00+08:00,40.1,3.89,136926300.0,3432.0,OFFICIAL_INDUSTRY:21,22,,FUGLE_MARKETDATA_V1,GOOD,False,30,,0.0,22,B,B,DECAY,GOOD,,False,,2026-09-29T09:05:10+08:00,2026-09-29T11:30:05+08:00,2026-09-29T11:30:05+08:00,,,,True,,MARKET_30M:NO_EXACT_30M_GOOD_SAME_DAY_BASELINE|STOCK_30M:NO_EXACT_30M_GOOD_SAME_DAY_BASELINE,SHADOW_DOWNSIDE_AMPLIFICATION_V1,13,True,0,0,True,261,45,LH_LL,40.1,39.9,ABOVE,38.65,39.1,ABOVE,True,VERIFIED_FALSE,,39.9,ACTIVE,A,40.05,C,39.8,0.02,0.276,39.95,0.446,0.649,NO,NO,2026-09-24,C,MIXED,REVERSING,39.454141533787116,42.36677389795492,,,True,33793550274be05484d809f9,CONFIRMED_5M_PIVOT_LOW,2026-09-29T12:15:00+08:00,2026-09-29T12:20:00+08:00,,,False,2026-09-29T12:45:15.424296+08:00,,ACTIVE,GOOD
