stock_id,stock_name,market,security_type,as_of,price,change_pct,trade_value,trade_volume,sector,scanner_score,scanner_rank,source,data_quality,stale,candidate_rank,pool_sources,discovery_score,ranking_score,stock_quality,timing_grade,entry_window,k5_data_quality,relative_strength_state,sector_recall,recall_reason_codes,first_seen_at,first_recalled_at,first_top30_at,first_top15_at,previous_top30_rank,top30_rank_delta,new_top30_entry,shadow_downside_amplification,shadow_downside_reason_codes,shadow_downside_rule_version
2409,友達,TSE,COMMONSTOCK,2026-09-30T09:35:10+08:00,38.55,9.99,14742975100.0,391475.0,26,103.885787,1,FUGLE_MARKETDATA_V1,GOOD,False,1,MARKET|INSTITUTIONAL|SECTOR,103.885787,,,,,,STRONG_OUTPERFORM,True,MARKET|INSTITUTIONAL|SECTOR,2026-09-30T09:05:10+08:00,2026-09-30T09:05:10+08:00,2026-09-30T09:05:10+08:00,,1,0,False,NOT_HIGH,STOCK_30M_NOT_DOWN|DAY_RELATIVE_STRENGTH_WEAK_NOT_MET|SECTOR_LEADERS_BOTH_WEAK_NOT_MET,SHADOW_DOWNSIDE_AMPLIFICATION_V1
6672,騰輝電子-KY,TSE,COMMONSTOCK,2026-09-30T09:35:10+08:00,369.0,9.99,2525279500.0,7127.0,28,102.322335,4,FUGLE_MARKETDATA_V1,GOOD,False,2,MARKET|INSTITUTIONAL|SECTOR,102.322335,,,,,,STRONG_OUTPERFORM,True,MARKET|INSTITUTIONAL|SECTOR,2026-09-30T09:05:10+08:00,2026-09-30T09:10:10+08:00,2026-09-30T09:10:10+08:00,,2,0,False,NOT_HIGH,STOCK_30M_NOT_DOWN|DAY_RELATIVE_STRENGTH_WEAK_NOT_MET|SECTOR_LEADERS_BOTH_WEAK_NOT_MET,SHADOW_DOWNSIDE_AMPLIFICATION_V1
8039,台虹,TSE,COMMONSTOCK,2026-09-30T09:35:10+08:00,300.5,9.87,8167691500.0,28073.0,28,101.035533,2,FUGLE_MARKETDATA_V1,GOOD,False,3,MARKET|SECTOR,101.035533,,,,,,STRONG_OUTPERFORM,True,MARKET|SECTOR,2026-09-30T09:05:10+08:00,2026-09-30T09:05:10+08:00,2026-09-30T09:05:10+08:00,,5,2,False,NOT_HIGH,STOCK_30M_NOT_DOWN|DAY_RELATIVE_STRENGTH_WEAK_NOT_MET|SECTOR_LEADERS_BOTH_WEAK_NOT_MET,SHADOW_DOWNSIDE_AMPLIFICATION_V1
3481,群創,TSE,COMMONSTOCK,2026-09-30T09:35:10+08:00,54.0,8.54,13305335300.0,251635.0,26,100.928934,3,FUGLE_MARKETDATA_V1,GOOD,False,4,MARKET|INSTITUTIONAL,100.928934,,,,,,STRONG_OUTPERFORM,False,MARKET|INSTITUTIONAL,2026-09-30T09:05:10+08:00,2026-09-30T09:05:10+08:00,2026-09-30T09:05:10+08:00,,4,0,False,NOT_HIGH,STOCK_30M_NOT_DOWN|DAY_RELATIVE_STRENGTH_WEAK_NOT_MET|SECTOR_LEADERS_BOTH_WEAK_NOT_MET,SHADOW_DOWNSIDE_AMPLIFICATION_V1
6805,富世達,TSE,COMMONSTOCK,2026-09-30T09:35:10+08:00,2680.0,6.56,1985095000.0,744.0,28,100.817259,14,FUGLE_MARKETDATA_V1,GOOD,False,5,MARKET|INSTITUTIONAL|SECTOR,100.817259,,,,,,STRONG_OUTPERFORM,True,MARKET|INSTITUTIONAL|SECTOR,2026-09-30T09:05:10+08:00,2026-09-30T09:05:10+08:00,2026-09-30T09:05:10+08:00,,3,-2,False,NOT_HIGH,DAY_RELATIVE_STRENGTH_WEAK_NOT_MET|SECTOR_LEADERS_BOTH_WEAK_NOT_MET,SHADOW_DOWNSIDE_AMPLIFICATION_V1
6533,晶心科,TSE,COMMONSTOCK,2026-09-30T09:35:10+08:00,333.5,9.88,2934800500.0,9179.0,24,100.010152,5,FUGLE_MARKETDATA_V1,GOOD,False,6,MARKET|INSTITUTIONAL,100.010152,,,,,,STRONG_OUTPERFORM,False,MARKET|INSTITUTIONAL,2026-09-30T09:05:10+08:00,2026-09-30T09:10:10+08:00,2026-09-30T09:10:10+08:00,,6,0,False,NOT_HIGH,STOCK_30M_NOT_DOWN|DAY_RELATIVE_STRENGTH_WEAK_NOT_MET|SECTOR_LEADERS_BOTH_WEAK_NOT_MET,SHADOW_DOWNSIDE_AMPLIFICATION_V1
8150,南茂,TSE,COMMONSTOCK,2026-09-30T09:35:10+08:00,111.5,6.7,3544639500.0,32556.0,24,99.700508,6,FUGLE_MARKETDATA_V1,GOOD,False,7,MARKET|INSTITUTIONAL,99.700508,,,,,,STRONG_OUTPERFORM,False,MARKET|INSTITUTIONAL,2026-09-30T09:05:10+08:00,2026-09-30T09:05:10+08:00,2026-09-30T09:05:10+08:00,,7,0,False,NOT_HIGH,STOCK_30M_NOT_DOWN|DAY_RELATIVE_STRENGTH_WEAK_NOT_MET|SECTOR_LEADERS_BOTH_WEAK_NOT_MET,SHADOW_DOWNSIDE_AMPLIFICATION_V1
6456,GIS-KY,TSE,COMMONSTOCK,2026-09-30T09:35:10+08:00,94.9,6.15,3445262000.0,37190.0,26,99.553299,7,FUGLE_MARKETDATA_V1,GOOD,False,8,MARKET|INSTITUTIONAL,99.553299,,,,,,STRONG_OUTPERFORM,False,MARKET|INSTITUTIONAL,2026-09-30T09:05:10+08:00,2026-09-30T09:05:10+08:00,2026-09-30T09:05:10+08:00,,,,True,NOT_HIGH,STOCK_30M_NOT_DOWN|DAY_RELATIVE_STRENGTH_WEAK_NOT_MET|SECTOR_LEADERS_BOTH_WEAK_NOT_MET,SHADOW_DOWNSIDE_AMPLIFICATION_V1
8046,南電,TSE,COMMONSTOCK,2026-09-30T09:35:10+08:00,1275.0,0.39,4406605000.0,3452.0,28,99.160303,197,FUGLE_MARKETDATA_V1,GOOD,False,9,INSTITUTIONAL,99.160303,,,,,,UNDERPERFORM,False,INSTITUTIONAL,2026-09-30T09:05:10+08:00,2026-09-30T09:05:10+08:00,2026-09-30T09:05:10+08:00,,9,0,False,NOT_HIGH,STOCK_30M_NOT_DOWN|SECTOR_LEADERS_BOTH_WEAK_NOT_MET,SHADOW_DOWNSIDE_AMPLIFICATION_V1
3149,正達,TSE,COMMONSTOCK,2026-09-30T09:35:10+08:00,74.0,9.96,1221653800.0,16852.0,26,99.124365,8,FUGLE_MARKETDATA_V1,GOOD,False,10,MARKET|SECTOR,99.124365,,,,,,STRONG_OUTPERFORM,True,MARKET|SECTOR,2026-09-30T09:05:10+08:00,2026-09-30T09:05:10+08:00,2026-09-30T09:05:10+08:00,,8,-2,False,NOT_HIGH,STOCK_30M_NOT_DOWN|DAY_RELATIVE_STRENGTH_WEAK_NOT_MET|SECTOR_LEADERS_BOTH_WEAK_NOT_MET,SHADOW_DOWNSIDE_AMPLIFICATION_V1
6257,矽格,TSE,COMMONSTOCK,2026-09-30T09:35:10+08:00,254.5,7.61,1625954000.0,6549.0,24,98.86802,12,FUGLE_MARKETDATA_V1,GOOD,False,11,MARKET|INSTITUTIONAL,98.86802,,,,,,STRONG_OUTPERFORM,False,MARKET|INSTITUTIONAL,2026-09-30T09:05:10+08:00,2026-09-30T09:25:10+08:00,2026-09-30T09:25:10+08:00,,11,0,False,NOT_HIGH,STOCK_30M_NOT_DOWN|DAY_RELATIVE_STRENGTH_WEAK_NOT_MET|SECTOR_LEADERS_BOTH_WEAK_NOT_MET,SHADOW_DOWNSIDE_AMPLIFICATION_V1
2454,聯發科,TSE,COMMONSTOCK,2026-09-30T09:35:10+08:00,5085.0,3.56,13089650000.0,2606.0,24,98.80203,15,FUGLE_MARKETDATA_V1,GOOD,False,12,MARKET|INSTITUTIONAL,98.80203,,,,,,STRONG_OUTPERFORM,False,MARKET|INSTITUTIONAL,2026-09-30T09:05:10+08:00,2026-09-30T09:05:10+08:00,2026-09-30T09:05:10+08:00,,13,1,False,NOT_HIGH,STOCK_30M_NOT_DOWN|DAY_RELATIVE_STRENGTH_WEAK_NOT_MET|SECTOR_LEADERS_BOTH_WEAK_NOT_MET,SHADOW_DOWNSIDE_AMPLIFICATION_V1
3189,景碩,TSE,COMMONSTOCK,2026-09-30T09:35:10+08:00,947.0,-0.84,6225800000.0,6563.0,24,98.400608,274,FUGLE_MARKETDATA_V1,GOOD,False,13,INSTITUTIONAL,98.400608,,,,,,STRONG_UNDERPERFORM,False,INSTITUTIONAL,2026-09-30T09:05:10+08:00,2026-09-30T09:05:10+08:00,2026-09-30T09:05:10+08:00,,12,-1,False,NOT_HIGH,SECTOR_LEADERS_BOTH_WEAK_NOT_MET,SHADOW_DOWNSIDE_AMPLIFICATION_V1
2059,川湖,TSE,COMMONSTOCK,2026-09-30T09:35:10+08:00,12710.0,4.91,1249985000.0,100.0,28,97.713198,19,FUGLE_MARKETDATA_V1,GOOD,False,14,MARKET|INSTITUTIONAL,97.713198,,,,,,STRONG_OUTPERFORM,False,MARKET|INSTITUTIONAL,2026-09-30T09:05:10+08:00,2026-09-30T09:05:10+08:00,2026-09-30T09:25:10+08:00,,14,0,False,NOT_HIGH,STOCK_30M_NOT_DOWN|DAY_RELATIVE_STRENGTH_WEAK_NOT_MET|SECTOR_LEADERS_BOTH_WEAK_NOT_MET,SHADOW_DOWNSIDE_AMPLIFICATION_V1
1303,南亞,TSE,COMMONSTOCK,2026-09-30T09:35:10+08:00,248.5,0.61,6790999000.0,27260.0,03,97.485457,145,FUGLE_MARKETDATA_V1,GOOD,False,15,INSTITUTIONAL,97.485457,,,,,,UNDERPERFORM,False,INSTITUTIONAL,2026-09-30T09:05:10+08:00,2026-09-30T09:05:10+08:00,2026-09-30T09:05:10+08:00,,18,3,False,NOT_HIGH,SECTOR_LEADERS_BOTH_WEAK_NOT_MET,SHADOW_DOWNSIDE_AMPLIFICATION_V1
2379,瑞昱,TSE,COMMONSTOCK,2026-09-30T09:35:10+08:00,756.0,-0.53,339486000.0,446.0,24,97.346674,361,FUGLE_MARKETDATA_V1,GOOD,False,16,INSTITUTIONAL,97.346674,,,,,,STRONG_UNDERPERFORM,False,INSTITUTIONAL,2026-09-30T09:05:10+08:00,2026-09-30T09:05:10+08:00,2026-09-30T09:05:10+08:00,,19,3,False,NOT_HIGH,SECTOR_LEADERS_BOTH_WEAK_NOT_MET,SHADOW_DOWNSIDE_AMPLIFICATION_V1
6196,帆宣,TSE,COMMONSTOCK,2026-09-30T09:35:10+08:00,586.0,7.72,787233000.0,1368.0,31,97.182741,23,FUGLE_MARKETDATA_V1,GOOD,False,17,MARKET|SECTOR,97.182741,,,,,,STRONG_OUTPERFORM,True,MARKET|SECTOR,2026-09-30T09:05:10+08:00,2026-09-30T09:05:10+08:00,2026-09-30T09:05:10+08:00,,21,4,False,NOT_HIGH,STOCK_30M_NOT_DOWN|DAY_RELATIVE_STRENGTH_WEAK_NOT_MET|SECTOR_LEADERS_BOTH_WEAK_NOT_MET,SHADOW_DOWNSIDE_AMPLIFICATION_V1
3711,日月光投控,TSE,COMMONSTOCK,2026-09-30T09:35:10+08:00,708.0,3.06,3297476000.0,4628.0,24,97.111675,24,FUGLE_MARKETDATA_V1,GOOD,False,18,MARKET|INSTITUTIONAL,97.111675,,,,,,STRONG_OUTPERFORM,False,MARKET|INSTITUTIONAL,2026-09-30T09:05:10+08:00,2026-09-30T09:05:10+08:00,2026-09-30T09:05:10+08:00,,15,-3,False,NOT_HIGH,DAY_RELATIVE_STRENGTH_WEAK_NOT_MET|SECTOR_LEADERS_BOTH_WEAK_NOT_MET,SHADOW_DOWNSIDE_AMPLIFICATION_V1
2030,彰源,TSE,COMMONSTOCK,2026-09-30T09:35:10+08:00,36.7,9.88,659398450.0,18020.0,10,97.106599,25,FUGLE_MARKETDATA_V1,GOOD,False,19,MARKET|SECTOR,97.106599,,,,,,STRONG_OUTPERFORM,True,MARKET|SECTOR,2026-09-30T09:05:10+08:00,2026-09-30T09:05:10+08:00,2026-09-30T09:05:10+08:00,,17,-2,False,NOT_HIGH,STOCK_30M_NOT_DOWN|DAY_RELATIVE_STRENGTH_WEAK_NOT_MET|SECTOR_LEADERS_BOTH_WEAK_NOT_MET,SHADOW_DOWNSIDE_AMPLIFICATION_V1
2308,台達電,TSE,COMMONSTOCK,2026-09-30T09:35:10+08:00,1915.0,4.36,5466015000.0,2886.0,28,97.104061,9,FUGLE_MARKETDATA_V1,GOOD,False,20,MARKET,97.104061,,,,,,STRONG_OUTPERFORM,False,MARKET,2026-09-30T09:05:10+08:00,2026-09-30T09:05:10+08:00,2026-09-30T09:05:10+08:00,,22,2,False,NOT_HIGH,STOCK_30M_NOT_DOWN|DAY_RELATIVE_STRENGTH_WEAK_NOT_MET|SECTOR_LEADERS_BOTH_WEAK_NOT_MET,SHADOW_DOWNSIDE_AMPLIFICATION_V1
3576,聯合再生,TSE,COMMONSTOCK,2026-09-30T09:35:10+08:00,19.7,9.75,1502831650.0,76813.0,26,97.045685,10,FUGLE_MARKETDATA_V1,GOOD,False,21,MARKET,97.045685,,,,,,STRONG_OUTPERFORM,False,MARKET,2026-09-30T09:05:10+08:00,2026-09-30T09:05:10+08:00,2026-09-30T09:10:10+08:00,,20,-1,False,NOT_HIGH,STOCK_30M_NOT_DOWN|DAY_RELATIVE_STRENGTH_WEAK_NOT_MET|SECTOR_LEADERS_BOTH_WEAK_NOT_MET,SHADOW_DOWNSIDE_AMPLIFICATION_V1
3665,貿聯-KY,TSE,COMMONSTOCK,2026-09-30T09:35:10+08:00,2560.0,4.7,3426085000.0,1357.0,31,96.949239,11,FUGLE_MARKETDATA_V1,GOOD,False,22,MARKET,96.949239,,,,,,STRONG_OUTPERFORM,False,MARKET,2026-09-30T09:05:10+08:00,2026-09-30T09:05:10+08:00,2026-09-30T09:05:10+08:00,,16,-6,False,NOT_HIGH,STOCK_30M_NOT_DOWN|DAY_RELATIVE_STRENGTH_WEAK_NOT_MET|SECTOR_LEADERS_BOTH_WEAK_NOT_MET,SHADOW_DOWNSIDE_AMPLIFICATION_V1
2426,鼎元,TSE,COMMONSTOCK,2026-09-30T09:35:10+08:00,105.0,5.21,2412828500.0,23193.0,26,96.857868,13,FUGLE_MARKETDATA_V1,GOOD,False,23,MARKET,96.857868,,,,,,STRONG_OUTPERFORM,False,MARKET,2026-09-30T09:05:10+08:00,2026-09-30T09:25:10+08:00,2026-09-30T09:25:10+08:00,,23,0,False,NOT_HIGH,STOCK_30M_NOT_DOWN|DAY_RELATIVE_STRENGTH_WEAK_NOT_MET|SECTOR_LEADERS_BOTH_WEAK_NOT_MET,SHADOW_DOWNSIDE_AMPLIFICATION_V1
6505,台塑化,TSE,COMMONSTOCK,2026-09-30T09:35:10+08:00,93.8,-0.53,837753900.0,8802.0,23,96.694616,334,FUGLE_MARKETDATA_V1,GOOD,False,24,INSTITUTIONAL,96.694616,,,,,,STRONG_UNDERPERFORM,False,INSTITUTIONAL,2026-09-30T09:05:10+08:00,2026-09-30T09:05:10+08:00,2026-09-30T09:05:10+08:00,,24,0,False,,SECTOR_ALIGNMENT:TWO_VALID_LEADERS_REQUIRED,SHADOW_DOWNSIDE_AMPLIFICATION_V1
3016,嘉晶,TSE,COMMONSTOCK,2026-09-30T09:35:10+08:00,166.0,-3.77,2967884000.0,17691.0,24,96.443825,239,FUGLE_MARKETDATA_V1,GOOD,False,25,INSTITUTIONAL,96.443825,,,,,,STRONG_UNDERPERFORM,False,INSTITUTIONAL,2026-09-30T09:05:10+08:00,2026-09-30T09:05:10+08:00,2026-09-30T09:05:10+08:00,,25,0,False,NOT_HIGH,SECTOR_LEADERS_BOTH_WEAK_NOT_MET,SHADOW_DOWNSIDE_AMPLIFICATION_V1
6770,力積電,TSE,COMMONSTOCK,2026-09-30T09:35:10+08:00,73.9,2.21,2648368600.0,35845.0,24,95.629999,37,FUGLE_MARKETDATA_V1,GOOD,False,26,MARKET|INSTITUTIONAL,95.629999,,,,,,OUTPERFORM,False,MARKET|INSTITUTIONAL,2026-09-30T09:05:10+08:00,2026-09-30T09:05:10+08:00,2026-09-30T09:05:10+08:00,,28,2,False,NOT_HIGH,STOCK_30M_NOT_DOWN|DAY_RELATIVE_STRENGTH_WEAK_NOT_MET|SECTOR_LEADERS_BOTH_WEAK_NOT_MET,SHADOW_DOWNSIDE_AMPLIFICATION_V1
6861,睿生光電,TSE,COMMONSTOCK,2026-09-30T09:35:10+08:00,313.5,10.0,560171500.0,1830.0,22,95.477157,20,FUGLE_MARKETDATA_V1,GOOD,False,27,MARKET,95.477157,,,,,,STRONG_OUTPERFORM,False,MARKET,2026-09-30T09:05:10+08:00,2026-09-30T09:05:10+08:00,2026-09-30T09:05:10+08:00,,,,True,NOT_HIGH,STOCK_30M_NOT_DOWN|DAY_RELATIVE_STRENGTH_WEAK_NOT_MET|SECTOR_LEADERS_BOTH_WEAK_NOT_MET,SHADOW_DOWNSIDE_AMPLIFICATION_V1
1809,中釉,TSE,COMMONSTOCK,2026-09-30T09:35:10+08:00,47.0,4.44,274328550.0,5956.0,08,91.299492,50,FUGLE_MARKETDATA_V1,GOOD,False,28,SECTOR,91.299492,,,,,,STRONG_OUTPERFORM,True,SECTOR,2026-09-30T09:05:10+08:00,2026-09-30T09:15:10+08:00,2026-09-30T09:35:10+08:00,,,,True,NOT_HIGH,STOCK_30M_NOT_DOWN|DAY_RELATIVE_STRENGTH_WEAK_NOT_MET|SECTOR_LEADERS_BOTH_WEAK_NOT_MET,SHADOW_DOWNSIDE_AMPLIFICATION_V1
3518,柏騰,TSE,COMMONSTOCK,2026-09-30T09:35:10+08:00,41.1,9.89,131521100.0,3218.0,31,90.362944,54,FUGLE_MARKETDATA_V1,GOOD,False,29,SECTOR,90.362944,,,,,,STRONG_OUTPERFORM,True,SECTOR,2026-09-30T09:05:10+08:00,2026-09-30T09:10:10+08:00,2026-09-30T09:10:10+08:00,,29,0,False,NOT_HIGH,STOCK_30M_NOT_DOWN|DAY_RELATIVE_STRENGTH_WEAK_NOT_MET|SECTOR_LEADERS_BOTH_WEAK_NOT_MET,SHADOW_DOWNSIDE_AMPLIFICATION_V1
2034,允強,TSE,COMMONSTOCK,2026-09-30T09:35:10+08:00,24.1,2.99,211999550.0,8668.0,10,88.654822,68,FUGLE_MARKETDATA_V1,GOOD,False,30,SECTOR,88.654822,,,,,,STRONG_OUTPERFORM,True,SECTOR,2026-09-30T09:05:10+08:00,2026-09-30T09:10:10+08:00,2026-09-30T09:10:10+08:00,,30,0,False,NOT_HIGH,DAY_RELATIVE_STRENGTH_WEAK_NOT_MET|SECTOR_LEADERS_BOTH_WEAK_NOT_MET,SHADOW_DOWNSIDE_AMPLIFICATION_V1
